personID,q_train,a_obs,a_m0,a_mq,err_m0,err_mq,improvement
2002,615.7596020931728,0.08389190778808868,0.048347753008590386,0.08388377362493216,0.035544154779498294,8.134163156522933e-06,0.03553602061634177
2004,615.951243748545,0.07360060178880894,0.04266834171970324,0.07960631943108033,0.030932260069105696,0.0060057176422713965,0.0249265424268343
2006,615.9510893796153,0.07682894772215926,0.04996533912832348,0.08254166396361856,0.026863608593835776,0.005712716241459304,0.021150892352376473
2008,615.7596791838773,0.08478649621140803,0.04165728572335744,0.0793968146257821,0.043129210488050594,0.00538968158562593,0.037739528902424664
2010,615.7597527547989,0.11759638718219334,0.043814092645576744,0.08009959018668573,0.0737822945366166,0.037496796995507606,0.03628549754110899
2011,615.759543867942,0.09052066020187048,0.04986123612902906,0.08381133669996339,0.04065942407284142,0.0067093235019070885,0.03395010057093433
2013,615.9502698942777,0.07485010084814517,0.04886920846959824,0.08236916096821374,0.02598089237854693,0.007519060120068574,0.018461832258478354
2015,615.759960646382,0.12118020930302316,0.045136316291601156,0.08233339120269857,0.076043893011422,0.03884681810032459,0.037197074911097416
2017,615.7637690041283,0.08338530492849822,0.042232856600272144,0.08061493868077521,0.04115244832822607,0.002770366247723005,0.03838208208050307
2019,615.8638803012466,0.09208368118877029,0.05231067465824606,0.08160973344272165,0.03977300653052423,0.010473947746048637,0.02929905878447559
2021,615.762894505215,0.10138647882717557,0.04877895789335807,0.08374652032736916,0.05260752093381749,0.017639958499806402,0.03496756243401109
2023,615.9497985065714,0.08394438523902532,0.04961554841523093,0.07653373379086868,0.034328836823794395,0.007410651448156641,0.026918185375637754
2025,615.9504163147014,0.0739071654919115,0.05038450656381145,0.08291465605225028,0.023522658928100043,0.009007490560338782,0.01451516836776126
2027,615.9503244157512,0.08223020817353104,0.04865709138058996,0.08297137516766982,0.033573116792941074,0.0007411669941387866,0.03283194979880229
2029,615.7610532139723,0.09410801034006129,0.04755685274014778,0.08176230701705968,0.04655115759991351,0.012345703323001611,0.0342054542769119
2031,615.7598245033705,0.11441779271937046,0.047269083514137396,0.08175530187647893,0.06714870920523305,0.03266249084289152,0.03448621836234153
2033,615.9504717655265,0.07273492551966311,0.043320668299381006,0.08101628500415275,0.029414257220282104,0.008281359484489645,0.02113289773579246
2035,615.7827579643521,0.0898596956785062,0.04768278994543106,0.08376266373908893,0.042176905733075136,0.006097031939417269,0.03607987379365787
2037,615.7600579570784,0.08602165916373247,0.04415507882276365,0.081858685355385,0.04186658034096882,0.004162973808347473,0.03770360653262135
2039,615.9504009480057,0.08230730076369068,0.04838329956922763,0.08302028920384243,0.03392400119446305,0.0007129884401517461,0.033211012754311306
2044,615.9509251356698,0.07509479098268036,0.04978244302876718,0.08212518335938242,0.025312347953913183,0.007030392376702055,0.01828195557721113
2045,615.95089217418,0.08131246892213034,0.049919546655412435,0.08482190204938204,0.03139292226671791,0.0035094331272517015,0.027883489139466207
2047,615.950279384329,0.07966259245030982,0.04966508738618556,0.08397629090003692,0.029997505064124262,0.004313698449727094,0.02568380661439717
2049,615.9516239456335,0.07157098076509709,0.04942255737062728,0.08421539351793529,0.02214842339446981,0.012644412752838202,0.00950401064163161
2052,615.9502083479153,0.08136940954835734,0.04637077377862829,0.081376892734721,0.034998635769729045,7.483186363663186e-06,0.03499115258336538
2054,615.7603259751207,0.09627417741877384,0.0478231063124646,0.08300258969071554,0.04845107110630924,0.013271587728058296,0.03517948337825094
2056,615.760116588418,0.10142892423254088,0.045869915751229215,0.07946076199830204,0.055559008481311664,0.021968162234238836,0.03359084624707283
2058,615.9505632260673,0.07970011954154883,0.04817827315824075,0.08347437160826156,0.031521846383308086,0.0037742520667127244,0.02774759431659536
2059,615.9514582051646,0.072371350978007,0.043508005522418895,0.08127518643997243,0.0288633454555881,0.008903835461965437,0.019959509993622664
