metric,value
condition4_total_N,64.0
condition4_excluded_meanRT_gt_550ms,3.0
condition4_regression_N,61.0
satf_r,0.8650328589847514
satf_t,13.243456291200692
satf_df,59.0
satf_p,2.524969397390073e-19
satf_rt_at_50pct_accuracy_ms,192.6815239656932
satf_rt_at_100pct_accuracy_ms,514.3875816780259
m0_optimal_rt_ms,260.48750974972154
m0_optimal_accuracy,0.6053850000000001
m0_expected_points_per_trial,235.80501891016485
condition2_gain_N,29.0
condition2_gain_observed_mean_rt_ms,416.0165474407749
condition2_gain_observed_median_rt_ms,399.0640625
condition2_gain_observed_mean_accuracy,0.8885099630349144
observed_minus_m0_rt_ms,155.52903769105336
observed_minus_m0_accuracy,0.2831249630349143
N_observed_rt_slower_than_m0,29.0
N_observed_accuracy_above_m0,29.0
