a,p_fast_logged,p_correct_fast_intended,accuracy,mean_effective_rt_ms,mean_cycle_s,expected_points_logged,expected_points_intended,rr_logged_points_per_s,rr_intended_points_per_s
0.2,0.9999744144144145,0.6245598648648647,0.624575,335.111637136225,2.772824137136225,9.999744144144145,6.245598648648647,3.606339114774112,2.252432299979582
0.202,0.9999704054054055,0.6257075000000001,0.625725,335.30469713622966,2.77244219713623,9.999704054054055,6.257075,3.606821474721155,2.2568820394030906
0.20400000000000001,0.9999657657657658,0.6269647297297297,0.626985,335.4997771362348,2.772007277136235,9.999657657657657,6.269647297297297,3.6073706372042134,2.2617715866079826
0.20600000000000002,0.9999604054054054,0.6281715090090092,0.6281950000000001,335.6972871362397,2.77159978713624,9.999604054054053,6.281715090090092,3.607881664757292,2.2664582091704824
0.20800000000000002,0.9999552477477476,0.6291834234234233,0.62921,335.8969571362439,2.7712919571362438,9.999552477477476,6.291834234234233,3.6082638105768776,2.270361380738821
0.21000000000000002,0.9999487387387387,0.6303297297297297,0.63036,336.0977921362486,2.7709177921362484,9.999487387387386,6.303297297297297,3.6087275543740502,2.2748048733837565
0.21200000000000002,0.9999411261261262,0.6315400675675676,0.631575,336.3001921362535,2.7705126921362533,9.999411261261262,6.315400675675677,3.609227739560015,2.2795061338650915
0.21400000000000002,0.9999337612612613,0.6326152252252253,0.632655,336.5031321362578,2.770175632136258,9.999337612612614,6.326152252252253,3.609640304611838,2.283664681352264
0.21600000000000003,0.9999252027027027,0.6336597072072072,0.633705,336.70949713626214,2.7698569971362623,9.999252027027026,6.336597072072072,3.610024646530557,2.287698274179295
0.21800000000000003,0.9999161486486488,0.6346939639639639,0.634745,336.91503713626633,2.7695425371362665,9.999161486486488,6.34693963963964,3.610401845217989,2.291692420150526
0.22000000000000003,0.9999062162162162,0.6358728603603603,0.63593,337.1242571362711,2.7691592571362715,9.999062162162161,6.358728603603603,3.6108656937639263,2.2962668496645033
0.22200000000000003,0.9998952702702703,0.6371810135135135,0.6372450000000001,337.3344771362765,2.7687119771362765,9.998952702702702,6.371810135135135,3.611409487614808,2.30136257861159
0.22400000000000003,0.9998834459459459,0.6384081081081081,0.63848,337.5469371362815,2.7683069371362814,9.99883445945946,6.3840810810810815,3.611895171495293,2.3061319521473274
0.22600000000000003,0.9998698423423424,0.6396294594594594,0.63971,337.7606971362865,2.7679056971362863,9.998698423423424,6.396294594594593,3.6123696099069473,2.3108787995242355
0.22800000000000004,0.9998542567567568,0.6408493468468468,0.6409400000000001,337.9768171362916,2.767506817136292,9.998542567567569,6.408493468468468,3.612833943409639,2.315619758833955
0.23000000000000004,0.9998376801801802,0.641969009009009,0.64207,338.19291713629616,2.767157917136296,9.998376801801802,6.41969009009009,3.613229566655532,2.3199579793891068
0.23200000000000004,0.999821081081081,0.6431285135135136,0.64324,338.4115271363009,2.766791527136301,9.99821081081081,6.431285135135136,3.613648051452294,2.3244559888441176
0.23400000000000004,0.9998024099099099,0.6443220720720721,0.6444449999999999,338.63240213630587,2.7664099021363056,9.998024099099098,6.4432207207207215,3.6140790601487947,2.3290911139904003
0.23600000000000004,0.9997813513513514,0.6455536486486486,0.64569,338.8542321363109,2.766009232136311,9.997813513513513,6.455536486486486,3.6145264438585265,2.3338810339040665
0.23800000000000004,0.999761554054054,0.6468661486486487,0.647015,339.07747713631625,2.7655699771363165,9.99761554054054,6.468661486486487,3.6150289535948894,2.338997580956037
0.24000000000000005,0.9997376126126127,0.6479351126126127,0.6481,339.3027471363207,2.7652527471363206,9.997376126126127,6.479351126126128,3.6153570904067815,2.3431316116894214
0.24200000000000005,0.9997128153153153,0.6490642567567568,0.6492450000000001,339.52894713632537,2.764906447136325,9.997128153153152,6.490642567567568,3.61572022211001,2.3475089272152663
0.24400000000000005,0.9996846621621621,0.6501457882882884,0.650345,339.75792213632985,2.7645854221363297,9.996846621621621,6.5014578828828835,3.616038246304783,2.3516936141039513
0.24600000000000005,0.9996580180180181,0.6512585360360359,0.651475,339.98880713633446,2.764251307136335,9.996580180180182,6.512585360360359,3.616378928490507,2.3560033574180212
0.24800000000000005,0.9996279954954955,0.6523186036036036,0.652555,340.21940213633883,2.763941902136339,9.996279954954955,6.523186036036036,3.616675136054239,2.3601024431787287
0.25000000000000006,0.9995954954954955,0.6534618693693695,0.6537200000000001,340.4535921363435,2.7635935921363437,9.995954954954955,6.5346186936936945,3.61701336383103,2.3645367800416093
0.25200000000000006,0.9995586711711713,0.6546427027027028,0.654925,340.68878713634854,2.7632262871363484,9.995586711711713,6.546427027027027,3.617360893765445,2.3691244750756097
0.25400000000000006,0.9995225900900901,0.6558439864864865,0.65615,340.9254171363535,2.7628504171363537,9.995225900900902,6.558439864864864,3.617722421346567,2.3737947679637945
0.25600000000000006,0.9994827702702703,0.6569679954954954,0.6573,341.1635521363582,2.762513552136358,9.994827702702704,6.569679954954955,3.6180194283475346,2.3781530229505545
0.25800000000000006,0.999438536036036,0.6581183333333334,0.65848,341.40490713636297,2.7621649071363636,9.994385360360361,6.581183333333334,3.618315957363278,2.382617821379928
0.26000000000000006,0.9993918468468468,0.6592066441441441,0.6596,341.64534213636756,2.7618453421363673,9.993918468468468,6.592066441441441,3.618565571357404,2.386834027549959
0.26200000000000007,0.9993433783783783,0.6602601126126126,0.660685,341.887777136372,2.7615452771363715,9.993433783783782,6.602601126126126,3.618783246656246,2.390908155948397
0.26400000000000007,0.9992929054054054,0.661336418918919,0.661795,342.1332371363766,2.761235737136376,9.992929054054054,6.61336418918919,3.6190061281828574,2.395074096805578
0.26600000000000007,0.9992386936936937,0.6624796396396397,0.6629750000000001,342.3780871363813,2.760890587136381,9.992386936936937,6.624796396396397,3.6192621987606994,2.399514282551737
0.26800000000000007,0.999181644144144,0.6634108108108108,0.663945,342.62765713638527,2.7606551571363855,9.99181644144144,6.634108108108108,3.6193641989700387,2.403091922205031
0.2700000000000001,0.9991201576576578,0.6646608333333333,0.665235,342.8763121363906,2.7602588121363905,9.991201576576579,6.646608333333333,3.6196611465008126,2.407965624132535
0.2720000000000001,0.9990570945945946,0.6658380855855855,0.666455,343.1286371363955,2.7599011371363953,9.990570945945946,6.658380855855856,3.6199017463038237,2.4125432488369585
0.2740000000000001,0.9989887387387387,0.6668766441441442,0.66754,343.38177213639995,2.7596117721364,9.989887387387387,6.668766441441441,3.6200336178641344,2.4165596439236463
0.2760000000000001,0.9989184009009009,0.6679190315315315,0.6686300000000001,343.63563713640445,2.7593206371364047,9.989184009009008,6.679190315315315,3.6201606564200106,2.420592310086483
0.2780000000000001,0.9988444594594594,0.6689991891891891,0.6697599999999999,343.890562136409,2.7590105621364085,9.988444594594593,6.689991891891891,3.620299513047226,2.424779369714182
0.2800000000000001,0.9987685585585585,0.6700479054054054,0.67086,344.14903713641354,2.7587190371364136,9.987685585585584,6.700479054054053,3.620406953784222,2.428837066716746
0.2820000000000001,0.9986858558558559,0.6710761261261262,0.671945,344.40807713641794,2.7584355771364177,9.98685855855856,6.710761261261262,3.620479173534333,2.432814207039711
0.2840000000000001,0.9986017117117117,0.6722143243243242,0.67314,344.66854213642284,2.7580985421364224,9.986017117117118,6.7221432432432415,3.620616509728457,2.437238242414744
0.2860000000000001,0.9985115315315316,0.6733025225225224,0.6742900000000001,344.93051213642747,2.7577855121364276,9.985115315315316,6.733025225225225,3.6207004755710503,2.4414608009196552
0.2880000000000001,0.9984167342342343,0.6743073873873873,0.67536,345.1941971364319,2.757514197136432,9.984167342342342,6.743073873873873,3.620712942370523,2.4453451158569863
0.2900000000000001,0.9983181981981983,0.6754414189189188,0.67656,345.4590421364368,2.7571790421364373,9.983181981981984,6.7544141891891885,3.6207956862483552,2.449755378945373
0.2920000000000001,0.9982153828828829,0.6764719594594595,0.6776599999999999,345.7264971364412,2.756896497136442,9.98215382882883,6.764719594594595,3.6207938307430774,2.4537444919027736
0.2940000000000001,0.9981111036036037,0.677596891891892,0.678855,345.99445713644616,2.7565669571364464,9.981111036036037,6.77596891891892,3.620848392670472,2.45811874853128
0.2960000000000001,0.9979978378378378,0.6786834009009008,0.68002,346.264027136451,2.7562540271364506,9.979978378378378,6.7868340090090085,3.620848543030287,2.462339806922673
0.2980000000000001,0.9978815765765766,0.6797529504504505,0.68117,346.53700713645566,2.7559520071364556,9.978815765765766,6.797529504504505,3.620823490367728,2.466490521933076
0.3000000000000001,0.9977580855855857,0.6807566666666667,0.68226,346.8073121364601,2.75567731213646,9.977580855855857,6.807566666666666,3.6207362930024263,2.4703787474262726
0.3020000000000001,0.997629572072072,0.6818165990990992,0.6834100000000001,347.08147713646474,2.755376477136465,9.97629572072072,6.818165990990992,3.6206651989308636,2.474495245047891
0.3040000000000001,0.9974993693693692,0.6828054279279279,0.68449,347.3579571364692,2.7551129571364688,9.974993693693692,6.828054279279279,3.6205389212285577,2.4783209928263807
0.3060000000000001,0.9973635585585585,0.6838151576576575,0.685595,347.6356271364738,2.754838127136474,9.973635585585585,6.838151576576576,3.6204071256820867,2.4822335327863767
0.3080000000000001,0.9972193468468469,0.6848556531531531,0.6867350000000001,347.91509213647834,2.754547592136478,9.972193468468468,6.848556531531531,3.6202654464698685,2.486272719005615
0.3100000000000001,0.9970724999999999,0.6858334459459459,0.687815,348.1943321364828,2.754286832136483,9.970725,6.858334459459458,3.6200750349104966,2.4900581811007285
0.3120000000000001,0.996920945945946,0.686892545045045,0.6889799999999999,348.4767071364876,2.7539867071364874,9.96920945945946,6.86892545045045,3.619919236946915,2.494175237901766
0.3140000000000001,0.9967609459459459,0.6877601801801803,0.68996,348.7605421364916,2.7537805421364916,9.967609459459458,6.877601801801802,3.6196092270033233,2.497512672693187
0.3160000000000001,0.9965949099099101,0.6888142792792793,0.69113,349.04369213649636,2.753478692136497,9.9659490990991,6.888142792792793,3.619403021915618,2.5016147074114823
0.3180000000000001,0.9964230855855856,0.6897816666666666,0.6922200000000001,349.3295721365008,2.7532195721365005,9.964230855855856,6.8978166666666665,3.6191195779287613,2.5053638062415615
0.3200000000000001,0.9962486036036037,0.690738018018018,0.6933,349.61832713650523,2.752968327136505,9.962486036036037,6.90738018018018,3.6188160749377376,2.50906634562152
0.3220000000000001,0.996067454954955,0.6917892792792792,0.69448,349.9072721365101,2.7526672721365104,9.96067454954955,6.9178927927927925,3.618553775232875,2.513159822408685
0.3240000000000001,0.9958801126126127,0.6926617567567567,0.695485,350.1976371365143,2.752455137136514,9.958801126126126,6.9266175675675665,3.618152024263928,2.516523330067278
0.3260000000000001,0.9956847747747748,0.6935381081081081,0.6965,350.4884571365184,2.7522384571365186,9.956847747747748,6.935381081081081,3.617727134772705,2.5199055928812157
0.3280000000000001,0.9954820720720721,0.6944648648648649,0.69757,350.7819721365227,2.7519969721365225,9.95482072072072,6.944648648648649,3.617308020870481,2.5234942912226925
0.3300000000000001,0.9952747747747748,0.6953770270270271,0.6986300000000001,351.07569213652704,2.751760692136527,9.952747747747747,6.953770270270271,3.616865295077755,2.527025802113341
0.33200000000000013,0.9950631981981983,0.6962844819819819,0.69969,351.37115213653146,2.751526152136532,9.950631981981983,6.962844819819819,3.616404653924666,2.5305392116346925
0.33400000000000013,0.9948438513513513,0.6973480855855856,0.7009099999999999,351.6699821365364,2.7512149821365366,9.948438513513514,6.973480855855856,3.6160164066087495,2.534691364046148
0.33600000000000013,0.9946187837837837,0.6981777927927927,0.7019,351.9680221365405,2.751018022136541,9.946187837837837,6.981777927927927,3.6154571717829986,2.5378888366953056
0.33800000000000013,0.9943903153153153,0.6990373198198198,0.702925,352.2687821365447,2.750806282136544,9.943903153153153,6.990373198198197,3.6149049163250235,2.541208824333785
0.34000000000000014,0.9941446171171171,0.7000088063063064,0.704075,352.5692171365494,2.7505317171365498,9.94144617117117,7.000088063063064,3.614372489956504,2.5449944894111343
0.34200000000000014,0.9938943918918919,0.7008981531531533,0.7051449999999999,352.87321213655383,2.7503007121365544,9.93894391891892,7.008981531531533,3.6137662601984752,2.548441885137225
0.34400000000000014,0.9936368693693693,0.7017817792792791,0.706215,353.1781071365583,2.7500706071365584,9.936368693693694,7.0178177927927905,3.613132211190638,2.5518682227944383
0.34600000000000014,0.9933781981981983,0.702650427927928,0.7072700000000001,353.48185713656255,2.7498468571365624,9.933781981981983,7.02650427927928,3.6124855303128083,2.555234761908172
0.34800000000000014,0.9931048648648649,0.7034890315315315,0.708305,353.7901021365668,2.749637602136567,9.93104864864865,7.034890315315315,3.6117663800247235,2.558479091880673
0.35000000000000014,0.9928260360360361,0.7043195945945946,0.7093400000000001,354.09802713657103,2.7494280271365703,9.928260360360362,7.043195945945946,3.6110275527744164,2.5616949694373994
0.35200000000000015,0.9925407882882883,0.7051278378378378,0.7103550000000001,354.40717213657524,2.7492296721365745,9.925407882882883,7.051278378378378,3.610250530712959,2.564819683798353
0.35400000000000015,0.9922460585585586,0.7058987162162162,0.71134,354.7191771365793,2.7490491771365795,9.922460585585586,7.058987162162163,3.6094154546630777,2.567792246450401
0.35600000000000015,0.9919523873873872,0.7066857882882882,0.71234,355.0312671365834,2.7488612671365833,9.919523873873873,7.066857882882882,3.6085938539222027,2.57083104461079
0.35800000000000015,0.9916460810810811,0.7075165990990991,0.713395,355.34574213658766,2.7486482421365883,9.916460810810811,7.075165990990992,3.607759137306895,2.5740529044528815
0.36000000000000015,0.9913389414414414,0.7082859234234233,0.7143900000000001,355.65827713659183,2.748463277136592,9.913389414414414,7.082859234234233,3.6068844349786606,2.57702523921415
0.36200000000000015,0.9910216441441441,0.7091121396396396,0.71545,355.97368713659614,2.7482486871365963,9.91021644144144,7.091121396396396,3.606011525749843,2.580232796830568
0.36400000000000016,0.9906873198198198,0.7099768918918918,0.71656,356.29385713660076,2.7480138571366,9.906873198198198,7.099768918918919,3.605103071976882,2.5836001155819495
0.36600000000000016,0.9903461261261262,0.7106962162162163,0.71753,356.6119971366047,2.7478469971366044,9.903461261261262,7.106962162162162,3.6040803114515363,2.58637477616766
0.36800000000000016,0.9900045045045045,0.7115080405405405,0.718595,356.9302221366091,2.7476327221366095,9.900045045045045,7.115080405405405,3.60311804604896,2.5895311072990093
0.37000000000000016,0.9896487837837838,0.7123033333333333,0.7196549999999999,357.25335713661343,2.7474258571366135,9.896487837837839,7.123033333333333,3.602094597796363,2.5926207671194477
0.37200000000000016,0.9892899774774774,0.7130704954954955,0.72069,357.57412213661763,2.7472291221366176,9.892899774774774,7.130704954954955,3.6010464853694892,2.5955989245662745
0.37400000000000017,0.9889221846846847,0.7138757657657657,0.72177,357.89827213662215,2.7470132721366225,9.889221846846848,7.138757657657657,3.5999905596215145,2.5987343163089793
0.37600000000000017,0.9885505855855856,0.7146461036036037,0.72282,358.22372213662646,2.7468137221366264,9.885505855855856,7.146461036036037,3.598899254138847,2.601727586564231
0.37800000000000017,0.9881698423423422,0.715393536036036,0.72385,358.5505121366307,2.7466255121366308,9.881698423423423,7.153935360360359,3.597759643518471,2.60462714292464
0.38000000000000017,0.9877767342342343,0.7160719594594595,0.724825,358.8774871366347,2.746464987136635,9.877767342342343,7.160719594594594,3.59653860093099,2.6072495473754795
0.3820000000000002,0.9873740090090091,0.7166602252252252,0.725715,359.2078621366383,2.7463503621366385,9.873740090090092,7.166602252252252,3.595222308929441,2.609500357658916
0.3840000000000002,0.9869669369369369,0.7173455405405404,0.7267049999999999,359.5374821366425,2.7461849821366426,9.869669369369369,7.173455405405404,3.5939565009529577,2.6121530239467576
0.3860000000000002,0.9865509459459461,0.7180577702702702,0.72773,359.8683371366467,2.7460033371366466,9.86550945945946,7.180577702702702,3.592679340931381,2.6149195106915424
0.3880000000000002,0.9861292117117118,0.7185732657657657,0.7285649999999999,360.20130213665016,2.74591880213665,9.861292117117117,7.185732657657658,3.5912540856793957,2.6168773279334796
0.3900000000000002,0.9856981756756757,0.7193514414414415,0.72967,360.5337821366547,2.745698782136654,9.856981756756758,7.193514414414414,3.5899720030782944,2.6199211877191235
0.3920000000000002,0.985259954954955,0.7200456306306307,0.730695,360.8700621366588,2.7455225621366584,9.85259954954955,7.2004563063063065,3.5886062950005133,2.6226177870862837
0.3940000000000002,0.9848045720720722,0.7206522747747748,0.731645,361.20700713666275,2.745384507136663,9.848045720720721,7.206522747747748,3.587128030744181,2.624959355971558
0.3960000000000002,0.9843467792792793,0.7212499324324325,0.7325900000000001,361.5428471366667,2.7452478471366666,9.843467792792794,7.212499324324325,3.585639017278412,2.627267090600605
0.3980000000000002,0.9838782432432431,0.7218923198198199,0.73359,361.88231213667086,2.745087312136671,9.838782432432431,7.218923198198199,3.5841418919292223,2.6297608700028072
0.4000000000000002,0.9833997072072072,0.7224241891891892,0.734485,362.2211621366745,2.744978662136675,9.833997072072071,7.224241891891891,3.582540442925464,2.6318025679181725
0.4020000000000002,0.982920945945946,0.7229921846846847,0.73542,362.56212713667844,2.744852127136679,9.82920945945946,7.229921846846848,3.580961379406949,2.633993203265495
0.4040000000000002,0.9824288513513513,0.7236506306306305,0.736455,362.9040071366827,2.744676507136683,9.824288513513512,7.236506306306305,3.579397604041309,2.6365607340209336
0.4060000000000002,0.9819226126126125,0.7243478153153153,0.73754,363.24619213668706,2.744476192136687,9.819226126126125,7.243478153153154,3.5778142853851667,2.6392934921085285
0.4080000000000002,0.9814169144144145,0.7249664414414414,0.738545,363.5923721366913,2.7443198721366917,9.814169144144145,7.249664414414414,3.5761753736465716,2.641698035284028
0.4100000000000002,0.9808993693693693,0.7255648423423423,0.73954,363.93738213669536,2.7441673821366948,9.808993693693694,7.255648423423423,3.5744881152461274,2.6440254594725006
0.4120000000000002,0.9803783558558559,0.7261289864864865,0.740505,364.28253713669926,2.7440300371366995,9.803783558558559,7.261289864864865,3.572768310068671,2.646213695401735
0.4140000000000002,0.9798494144144144,0.7267200450450451,0.741505,364.62988213670343,2.743877382136703,9.798494144144144,7.267200450450451,3.5710393649274126,2.6485150166555043
0.4160000000000002,0.9793033333333333,0.7273256531531531,0.74253,364.9800971367076,2.743715097136708,9.793033333333334,7.273256531531532,3.5692602863734533,2.6508789265772426
0.4180000000000002,0.9787511486486487,0.7279472522522522,0.74358,365.32975713671203,2.7435397571367117,9.787511486486487,7.279472522522522,3.567475725848857,2.6533140274663727
0.4200000000000002,0.978198918918919,0.7283469819819821,0.74441,365.68040713671536,2.743475407136715,9.78198918918919,7.283469819819821,3.5655465194777762,2.654833282220439
0.4220000000000002,0.9776287612612612,0.7289412837837836,0.7454449999999999,366.0334121367197,2.74331091213672,9.776287612612611,7.289412837837837,3.563681961589261,2.6571588388281633
0.4240000000000002,0.9770453378378379,0.7295413063063063,0.7464999999999999,366.3870671367241,2.743137067136724,9.77045337837838,7.295413063063063,3.561780960722003,2.659514593879914
0.4260000000000002,0.9764646171171172,0.7301351576576577,0.7475449999999999,366.74044213672835,2.7429679421367283,9.764646171171172,7.301351576576577,3.559883446382778,2.661843568936843
0.4280000000000002,0.9758793018018017,0.7307046621621621,0.74857,367.0951621367326,2.742810162136733,9.758793018018018,7.307046621621621,3.557954229838357,2.664073045408731
0.4300000000000002,0.9752842117117116,0.7311595945945946,0.74949,367.4525571367364,2.7427075571367365,9.752842117117117,7.311595945945946,3.5559176156931023,2.665831406968858
0.4320000000000002,0.9746733783783783,0.731596981981982,0.7504,367.8105121367401,2.74261051213674,9.746733783783784,7.31596981981982,3.5538162420992845,2.6675205201193597
0.4340000000000002,0.9740605855855855,0.7321111711711712,0.751395,368.1701421367443,2.742472642136744,9.740605855855854,7.321111711711712,3.5517604464658037,2.6695295330303135
0.4360000000000002,0.9734381531531532,0.7326845045045043,0.7524550000000001,368.5287421367487,2.7423012421367488,9.734381531531533,7.326845045045043,3.549712694564033,2.6717870861394153
0.4380000000000002,0.9728042342342342,0.7331915315315314,0.75346,368.8895471367528,2.742159547136753,9.728042342342341,7.331915315315314,3.5475843674012157,2.6737741510959823
0.4400000000000002,0.9721648423423424,0.7337336486486485,0.754505,369.25170213675705,2.7419992021367574,9.721648423423424,7.337336486486485,3.5454599752792184,2.6759075935429593
0.4420000000000002,0.9715194594594595,0.7341712612612613,0.75545,369.615807136761,2.7418908071367607,9.715194594594594,7.341712612612613,3.5432463500396487,2.677609404978184
0.44400000000000023,0.9708653153153153,0.7346607432432433,0.756455,369.9802671367651,2.7417527671367647,9.708653153153152,7.346607432432433,3.541038881960163,2.6795295040787197
0.44600000000000023,0.9701975,0.7350695270270269,0.757395,370.345232136769,2.7416477321367694,9.701975000000001,7.350695270270268,3.538738724992409,2.681123174253071
0.44800000000000023,0.9695235585585585,0.7354842117117117,0.758345,370.712002136773,2.7415395021367734,9.695235585585586,7.354842117117117,3.5364201675843288,2.6827416170311267
0.45000000000000023,0.9688398873873874,0.7357571171171171,0.7591600000000001,371.0783921367764,2.7414983921367764,9.688398873873874,7.3575711711711715,3.5339794112819267,2.683777306699983
0.45200000000000023,0.968149436936937,0.7362113738738738,0.760165,371.4466571367806,2.741364157136781,9.68149436936937,7.3621137387387385,3.5316338196678005,2.685565768259005
0.45400000000000024,0.9674542792792793,0.7365510135135134,0.7610600000000001,371.81554213678425,2.7412855421367843,9.674542792792792,7.365510135135134,3.529199218426423,2.6868817647481724
0.45600000000000024,0.9667563288288289,0.7369954504504505,0.762065,372.18611713678837,2.7411536171367885,9.667563288288289,7.369954504504505,3.526822877729242,2.6886324277596043
0.45800000000000024,0.9660421396396395,0.7374267567567567,0.76307,372.5585421367926,2.7410235421367926,9.660421396396394,7.374267567567568,3.524384686191172,2.6903335393532894
0.46000000000000024,0.9653161711711712,0.7378548198198198,0.76408,372.93076713679676,2.7408907671367966,9.653161711711713,7.378548198198198,3.5219067565380024,2.6920256314723607
0.46200000000000024,0.964589481981982,0.738081509009009,0.7648900000000001,373.3042571368001,2.7408592571368002,9.64589481981982,7.38081509009009,3.5192959268898276,2.6928836535008203
0.46400000000000025,0.9638531081081083,0.7383947297297297,0.7658,373.6764021368038,2.7407764021368037,9.638531081081084,7.383947297297297,3.516715582331544,2.694107878169309
0.46600000000000025,0.9630975450450451,0.7387772522522523,0.76679,374.053992136808,2.740658992136808,9.630975450450451,7.387772522522523,3.514109372265053,2.695619025832361
0.46800000000000025,0.9623512837837838,0.7390006306306307,0.767615,374.4294971368114,2.7406219971368113,9.623512837837838,7.390006306306307,3.511433845270065,2.696470477879405
0.47000000000000025,0.961590518018018,0.7393585585585585,0.76859,374.80828213681536,2.740513282136815,9.61590518018018,7.393585585585585,3.508797144994141,2.697883507362791
0.47200000000000025,0.9608274099099099,0.7396967342342342,0.769545,375.18515213681934,2.7404126521368193,9.608274099099098,7.396967342342342,3.5061413439348663,2.699216607606378
0.47400000000000025,0.9600531306306306,0.7399944144144144,0.77047,375.5659021368231,2.740330902136823,9.600531306306305,7.399944144144143,3.5034204441588113,2.7003834239047193
0.47600000000000026,0.9592670945945946,0.7403152927927928,0.7714300000000001,375.9453971368272,2.740230397136827,9.592670945945946,7.403152927927929,3.5006804376628327,2.7016534579220894
0.47800000000000026,0.9584825675675676,0.7405422747747747,0.772295,376.3256271368307,2.740178127136831,9.584825675675676,7.405422747747748,3.497884163352077,2.702533340591824
0.48000000000000026,0.9576834684684685,0.740913063063063,0.773315,376.707442136835,2.7400499421368347,9.576834684684686,7.409130630630631,3.4951314344351574,2.7040129877532824
0.48200000000000026,0.9568789414414416,0.7411305405405404,0.77419,377.0918821368386,2.739996882136839,9.568789414414416,7.411305405405404,3.4922628842380337,2.7048590652503064
0.48400000000000026,0.9560733108108108,0.7412340765765766,0.77495,377.4750371368418,2.740000037136842,9.560733108108108,7.412340765765766,3.4893186053013996,2.7052338194532575
0.48600000000000027,0.9552475900900902,0.7414028828828829,0.775795,377.86049213684527,2.739962992136845,9.552475900900902,7.41402882882883,3.4863521618046045,2.705886484637068
0.48800000000000027,0.9544178153153153,0.7415402927927928,0.77661,378.24666713684866,2.7399416671368484,9.544178153153153,7.415402927927928,3.4833508565627658,2.706409051283485
0.49000000000000027,0.9535835585585586,0.7417013738738738,0.777455,378.6328771368522,2.7399053771368527,9.535835585585586,7.4170137387387385,3.480352155646465,2.7070328050851784
0.49200000000000027,0.9527396396396397,0.7420173873873874,0.778465,379.0202071368564,2.739787707136856,9.527396396396398,7.420173873873875,3.477421397131808,2.7083024916657266
0.49400000000000027,0.951896554054054,0.7421883333333333,0.77933,379.40909713686,2.7397440971368603,9.51896554054054,7.421883333333334,3.474399507051856,2.7089695497800292
0.4960000000000003,0.9510423873873873,0.7422488513513513,0.780095,379.7983371368632,2.739750837136863,9.510423873873874,7.422488513513513,3.4712732796580164,2.7091837742698814
0.4980000000000003,0.9501762612612613,0.7425206981981982,0.78108,380.1884321368672,2.7396484321368675,9.501762612612612,7.425206981981982,3.468241582078267,2.710277309629279
0.5000000000000002,0.9493071396396398,0.742709391891892,0.78199,380.579122136871,2.739584122136871,9.493071396396397,7.42709391891892,3.4651505386123413,2.7110296993274288
0.5020000000000002,0.9484275675675675,0.7427826576576575,0.78279,380.9709821368744,2.7395759821368735,9.484275675675676,7.4278265765765745,3.461950220587759,2.7113051892004316
0.5040000000000002,0.9475492792792792,0.7429854954954955,0.78372,381.36374713687826,2.7395037471368777,9.475492792792792,7.429854954954955,3.4588354926310507,2.712117098843204
0.5060000000000002,0.9466609909909911,0.7431629279279279,0.784635,381.757587136882,2.739440087136882,9.466609909909911,7.43162927927928,3.4556732794999405,2.7128278198799474
0.5080000000000002,0.9457675225225225,0.7432245045045045,0.78544,382.1525771368854,2.7394325771368857,9.457675225225225,7.432245045045045,3.45242124378542,2.713060035524892
0.5100000000000002,0.9448677702702702,0.7432638513513514,0.78623,382.5466721368886,2.739431672136888,9.448677702702703,7.432638513513514,3.4491379357282095,2.7132045632354465
0.5120000000000002,0.9439555180180179,0.7433831306306307,0.78711,382.9441821368923,2.7393891821368923,9.439555180180179,7.433831306306306,3.445861304313374,2.7136820699961515
0.5140000000000002,0.9430502927927928,0.7435994144144145,0.78808,383.3390121368964,2.7392990121368967,9.430502927927929,7.435994144144145,3.4426701452249633,2.714560955630546
0.5160000000000002,0.9421215990990991,0.7437630855855857,0.789015,383.7375271369002,2.7392300271369,9.42121599099099,7.437630855855857,3.4393664999497107,2.7152268273102362
0.5180000000000002,0.9411947972972974,0.7439705630630631,0.79,384.1358121369043,2.7391358121369045,9.411947972972975,7.43970563063063,3.436101244512719,2.7160776759099914
0.5200000000000002,0.940262117117117,0.7440023648648648,0.790815,384.5365371369077,2.739129037136908,9.40262117117117,7.440023648648648,3.432704718796059,2.716200495769772
0.5220000000000002,0.9393158333333333,0.7441217342342341,0.79173,384.93613713691155,2.739071137136911,9.393158333333334,7.441217342342341,3.4293225195866177,2.7166937146877013
0.5240000000000002,0.9383694144144143,0.7440503378378378,0.7924549999999999,385.33795213691457,2.7391104521369147,9.383694144144144,7.440503378378378,3.4258180924480293,2.7163940660274126
0.5260000000000002,0.93741740990991,0.7440481081081082,0.79326,385.74182713691795,2.739111827136918,9.3741740990991,7.4404810810810815,3.422340777118816,2.716384562093003
0.5280000000000002,0.9364571396396397,0.7440590990990992,0.7940849999999999,386.1439321369213,2.7391014321369216,9.364571396396396,7.440590990990992,3.418847979313634,2.7164349971465582
0.5300000000000002,0.9354942567567568,0.7440347522522522,0.794875,386.54634213692464,2.7391088421369245,9.354942567567567,7.440347522522522,3.4153234160163124,2.716338762470611
0.5320000000000003,0.934529436936937,0.7440412387387387,0.7957000000000001,386.95188713692806,2.739101887136928,9.34529436936937,7.440412387387387,3.411809693263227,2.71636934074203
0.5340000000000003,0.9335601576576578,0.7440223648648647,0.796505,387.35561713693147,2.7391031171369313,9.335601576576577,7.440223648648647,3.408269487252706,2.7162992156445713
0.5360000000000003,0.932577972972973,0.7440027477477478,0.79732,387.76282213693486,2.7391028221369345,9.32577972972973,7.440027477477478,3.4046840645632073,2.716227889420039
0.5380000000000003,0.9315951801801803,0.7438743468468467,0.798025,388.1682221369379,2.7391557221369376,9.315951801801802,7.438743468468467,3.4010303709692025,2.71570667134805
0.5400000000000003,0.9306027702702702,0.7439175225225225,0.798915,388.57418213694154,2.7391166821369417,9.306027702702702,7.439175225225226,3.3974557430837655,2.7159030039645846
0.5420000000000003,0.9296138963963962,0.7438878828828829,0.79973,388.984197136945,2.7391191971369455,9.296138963963962,7.438878828828829,3.3938424343419293,2.715792301629038
0.5440000000000003,0.9286077477477479,0.7439287612612613,0.8006249999999999,389.3934471369487,2.7390809471369484,9.286077477477479,7.439287612612613,3.390216520320016,2.715979467634428
0.5460000000000003,0.9275983333333333,0.7438696171171171,0.80143,389.802017136952,2.739087017136952,9.275983333333333,7.438696171171171,3.3865237852242873,2.7157575223537496
0.5480000000000003,0.9265877927927928,0.7439547522522523,0.8023800000000001,390.2115921369559,2.7390215921369556,9.265877927927928,7.439547522522522,3.3829152550414134,2.716133214823716
0.5500000000000003,0.925570990990991,0.7439132207207207,0.80321,390.62329213695944,2.7390182921369597,9.25570990990991,7.439132207207208,3.3792070452690117,2.7159848579920425
0.5520000000000003,0.9245431306306306,0.7437949774774775,0.80397,391.0352121369626,2.739050212136963,9.245431306306306,7.437949774774775,3.3754150491068105,2.7155215124631855
0.5540000000000003,0.9235123198198198,0.7438019144144143,0.8048649999999999,391.4475121369664,2.7390150121369663,9.235123198198199,7.4380191441441434,3.37169499154844,2.7155817369328825
0.5560000000000003,0.9224652477477477,0.7436863963963963,0.80565,391.8604221369696,2.7390354221369697,9.224652477477477,7.4368639639639635,3.3678470905938447,2.7151397546227396
0.5580000000000003,0.921412972972973,0.7436499999999999,0.80652,392.27526713697324,2.739015267136973,9.21412972972973,7.436499999999999,3.364030073246375,2.715026852615244
0.5600000000000003,0.9203667792792793,0.7435205855855856,0.807295,392.68954713697656,2.7390420471369756,9.203667792792793,7.435205855855856,3.360177622104437,2.7145278268464756
0.5620000000000003,0.919308018018018,0.7433798423423423,0.8080700000000001,393.1055121369797,2.7390705121369794,9.19308018018018,7.433798423423424,3.3562772989760985,2.7139857811194834
0.5640000000000003,0.9182534684684684,0.7432692792792792,0.808875,393.52048213698305,2.739082982136983,9.182534684684684,7.432692792792793,3.35241200962836,2.713569775455996
0.5660000000000003,0.9171804729729731,0.7431345495495496,0.80967,393.93776713698634,2.7391027671369863,9.17180472972973,7.431345495495496,3.3484704698818026,2.713058299474838
0.5680000000000003,0.9161167342342342,0.7428794144144144,0.810335,394.35648213698914,2.739188982136989,9.161167342342342,7.428794144144144,3.3444816703355826,2.712041481106039
0.5700000000000003,0.9150481306306306,0.7426556306306307,0.81104,394.77359213699214,2.7392535921369916,9.150481306306306,7.426556306306306,3.3405017091417526,2.7111605612653698
0.5720000000000003,0.9139649549549549,0.7426140990990991,0.81194,395.19298213699597,2.7392229821369956,9.13964954954955,7.426140990990992,3.3365847209778017,2.7110392397472927
0.5740000000000003,0.912885518018018,0.7424482657657657,0.8127150000000001,395.61239713699916,2.7392548971369988,9.12885518018018,7.4244826576576575,3.332605224041557,2.710402257715243
0.5760000000000003,0.9118044144144144,0.7422977927927927,0.81351,396.03252713700255,2.739277527137003,9.118044144144143,7.422977927927928,3.3286310181480605,2.7098305499867203
0.5780000000000003,0.9107126801801803,0.7420968243243242,0.81426,396.45299213700565,2.739322992137006,9.107126801801803,7.420968243243243,3.3245903560635375,2.7090519316431476
0.5800000000000003,0.9096276126126126,0.7419279504504503,0.81504,396.8736121370088,2.739353612137009,9.096276126126126,7.4192795045045035,3.3205921593415573,2.708405176912015
0.5820000000000003,0.9085243243243243,0.7417192117117117,0.8158000000000001,397.296042137012,2.7393960421370123,9.085243243243243,7.417192117117118,3.3165132399606643,2.707601238750035
0.5840000000000003,0.9074191891891893,0.7415411486486487,0.8165899999999999,397.7196321370154,2.7394246321370153,9.074191891891893,7.415411486486487,3.312444440135281,2.706922979188426
0.5860000000000003,0.9063173423423423,0.741429864864865,0.81745,398.14214213701905,2.739417142137019,9.063173423423423,7.41429864864865,3.3084313024168504,2.7065241487336085
0.5880000000000003,0.9052206756756758,0.7411271846846847,0.81811,398.5648521370218,2.7395098521370222,9.052206756756757,7.411271846846848,3.30431618988169,2.7053276851935766
0.5900000000000003,0.9041047072072073,0.7409724324324325,0.818935,398.9905421370252,2.7395230421370256,9.041047072072072,7.4097243243243245,3.30022669384792,2.7047497722611618
0.5920000000000003,0.9029770945945945,0.7408146846846848,0.81977,399.41626213702864,2.739531262137029,9.029770945945945,7.408146846846848,3.296100712828545,2.704165836409535
0.5940000000000003,0.9018583783783785,0.7405198198198197,0.82046,399.8426421370317,2.7396126421370317,9.018583783783784,7.405198198198198,3.291919319203042,2.7030092080542385
0.5960000000000003,0.9007322972972972,0.7402372522522522,0.82117,400.26784713703455,2.7396828471370345,9.007322972972972,7.402372522522523,3.287724702290126,2.7019085549475164
0.5980000000000003,0.8996045045045045,0.73995768018018,0.821885,400.6954371370376,2.7397529371370375,8.996045045045044,7.399576801801801,3.2835241904861867,2.700819005064794
0.6000000000000003,0.8984736486486486,0.7396691441441441,0.822595,401.1227221370407,2.739825222137041,8.984736486486486,7.39669144144144,3.279310086604162,2.699694630766295
0.6020000000000003,0.8973374099099098,0.7394562837837837,0.8233900000000001,401.55172713704394,2.7398567271370435,8.973374099099098,7.394562837837837,3.275125304992002,2.698886684328429
0.6040000000000003,0.8961944144144144,0.7390662837837838,0.8240149999999999,401.9798371370467,2.739972337137046,8.961944144144145,7.390662837837838,3.270815556301688,2.697349435856066
0.6060000000000003,0.8950518918918918,0.7388672297297297,0.82483,402.40821713705003,2.7399932171370502,8.950518918918918,7.388672297297298,3.266620830642453,2.696602404372933
0.6080000000000003,0.8939045045045045,0.7386590540540541,0.825645,402.8394571370534,2.740016957137053,8.939045045045045,7.38659054054054,3.2624050087577334,2.695819279986693
0.6100000000000003,0.8927484234234233,0.7382570045045045,0.8262700000000001,403.2697921370561,2.740134792137056,8.927484234234234,7.382570045045044,3.258045647919243,2.694236088760915
0.6120000000000003,0.8915918918918919,0.7380509684684684,0.827095,403.7004121370595,2.7401529121370594,8.91591891891892,7.380509684684684,3.253803420760686,2.6934663580247378
0.6140000000000003,0.8904397072072072,0.7377696846846846,0.8278449999999999,404.13193213706273,2.7402094321370623,8.904397072072072,7.377696846846846,3.2495315750838873,2.6923842974633705
0.6160000000000003,0.889274481981982,0.7374629054054054,0.82858,404.56485713706576,2.7402748571370656,8.89274481981982,7.374629054054054,3.2452017711502923,2.6912004957629634
0.6180000000000003,0.888106891891892,0.737076981981982,0.82924,404.99656213706845,2.740376562137068,8.88106891891892,7.37076981981982,3.2408206381655327,2.689692329754771
0.6200000000000003,0.8869364864864865,0.73667231981982,0.829885,405.4300621370712,2.7404875621370715,8.869364864864865,7.3667231981981995,3.2364185801844716,2.6881067806976375
0.6220000000000003,0.885770135135135,0.7363547972972972,0.830615,405.8635621370743,2.740556062137075,8.85770135135135,7.363547972972972,3.2320817930811274,2.686880985470849
0.6240000000000003,0.8845936261261261,0.7361027927927928,0.83142,406.29798213707767,2.740587982137078,8.845936261261262,7.361027927927928,3.2277512413096496,2.6859301638577158
0.6260000000000003,0.8834194594594594,0.7357862387387388,0.83216,406.73190713708084,2.740651907137081,8.834194594594594,7.357862387387389,3.2233916943589174,2.684712483269538
0.6280000000000003,0.8822345720720721,0.7354597297297297,0.8329,407.1674021370839,2.740717402137084,8.82234572072072,7.354597297297297,3.218991390298564,2.6834569998214786
0.6300000000000003,0.8810517792792794,0.7351043693693695,0.833615,407.6038971370869,2.740796397137087,8.810517792792794,7.351043693693695,3.214583105113487,2.682083098683385
0.6320000000000003,0.8798779504504504,0.7347215990990991,0.83429,408.03982713708973,2.7408948271370894,8.798779504504504,7.347215990990991,3.2101850159989453,2.680590264992138
0.6340000000000003,0.8786992117117117,0.7343155630630631,0.8349500000000001,408.47714213709264,2.7410021421370923,8.786992117117117,7.343155630630632,3.2057589383225054,2.679003973672692
0.6360000000000003,0.8775143468468468,0.734005,0.83571,408.9135371370958,2.7410585371370955,8.775143468468467,7.34005,3.2013703281337746,2.6778158512682952
0.6380000000000003,0.8763089864864865,0.7336843018018018,0.83648,409.352107137099,2.7411121071370985,8.763089864864865,7.336843018018017,3.19691042261577,2.6765935617572536
0.6400000000000003,0.8751145495495495,0.7332766216216215,0.837155,409.78958213710183,2.7412120821371015,8.751145495495495,7.332766216216216,3.192436496439536,2.6750087174938506
0.6420000000000003,0.8739195045045045,0.7329507882882882,0.837915,410.2298821371051,2.7412723821371046,8.739195045045046,7.329507882882882,3.1880068182906878,2.6737612543153317
0.6440000000000003,0.8727152252252253,0.7325128828828829,0.83857,410.6700821371079,2.741385082137108,8.727152252252253,7.325128828828829,3.183482798209731,2.672053946948001
0.6460000000000004,0.8715111486486488,0.7320809009009008,0.839235,411.10762713711057,2.741490127137111,8.715111486486487,7.320809009009008,3.178968766007384,2.6703758428829354
0.6480000000000004,0.8703000900900901,0.7316672972972973,0.839925,411.5496571371135,2.7415871571371135,8.703000900900902,7.316672972972973,3.174438893268292,2.6687727048639105
0.6500000000000004,0.8690861936936937,0.7313045045045046,0.840665,411.9913421371167,2.7416588421371166,8.690861936936937,7.313045045045046,3.169928294273999,2.6673796654234865
0.6520000000000004,0.867877454954955,0.7308613963963965,0.841325,412.4319471371195,2.74176944713712,8.678774549549551,7.308613963963965,3.1653918087867265,2.665655922162025
0.6540000000000004,0.8666695720720721,0.7304269369369369,0.84199,412.8729471371222,2.7418779471371226,8.666695720720721,7.304269369369369,3.160861237375602,2.6639659059207856
0.6560000000000004,0.8654453153153153,0.7300482882882884,0.84273,413.31709713712536,2.7419520971371254,8.654453153153153,7.300482882882884,3.156310849554693,2.6625129193560033
0.6580000000000004,0.8642359684684684,0.7296577927927927,0.843445,413.75720713712843,2.7420347071371283,8.642359684684685,7.2965779279279275,3.151805359060498,2.6610085966220516
0.6600000000000004,0.8630159009009009,0.7291691891891892,0.844075,414.20233213713107,2.7421648321371306,8.63015900900901,7.291691891891892,3.1472065092028103,2.6591005057157875
0.6620000000000004,0.8617935810810811,0.7286977477477479,0.844725,414.6461021371338,2.742283602137134,8.61793581081081,7.286977477477478,3.142612895360139,2.657266182023823
0.6640000000000004,0.8605755180180181,0.7282354954954954,0.84538,415.08881713713663,2.7423988171371367,8.605755180180182,7.282354954954954,3.1380392692715495,2.6554689673317458
0.6660000000000004,0.8593435585585585,0.7278398423423422,0.846115,415.53451713713963,2.7424770171371398,8.593435585585585,7.278398423423422,3.133457648646491,2.65395056291896
0.6680000000000004,0.8581180405405404,0.7272292567567566,0.84663,415.9796221371419,2.7426646221371422,8.581180405405405,7.2722925675675665,3.1287749643697844,2.6515427766377218
0.6700000000000004,0.8568845495495496,0.7266968693693694,0.847235,416.42642713714446,2.7428089271371445,8.568845495495497,7.266968693693694,3.1241131712515537,2.649462243539772
0.6720000000000004,0.8556526126126125,0.7262167792792793,0.84789,416.8714971371472,2.742926497137148,8.556526126126125,7.262167792792793,3.1194879392709782,2.647598395499287
0.6740000000000004,0.8544177027027027,0.725792027027027,0.848605,417.31681713715017,2.7430143171371504,8.544177027027027,7.2579202702702705,3.114886048405492,2.6459651431368654
0.6760000000000004,0.8531830855855856,0.7252714189189189,0.849225,417.7630171371529,2.7431505171371526,8.531830855855857,7.252714189189189,3.1102306645425974,2.6439359210803985
0.6780000000000004,0.8519492342342341,0.7247633558558558,0.8498600000000001,418.21046213715556,2.7432804621371556,8.51949234234234,7.247633558558558,3.1055856154442267,2.641958654461557
0.6800000000000004,0.8507090540540541,0.7242176351351353,0.850465,418.65781213715815,2.743425312137158,8.50709054054054,7.242176351351352,3.100901089927403,2.6398299670529823
0.6820000000000004,0.8494647522522523,0.7237578153153152,0.851155,419.10458713716105,2.743527087137161,8.494647522522524,7.2375781531531524,3.096250648425925,2.638056021785257
0.6840000000000004,0.8482177702702702,0.7232062387387388,0.8517600000000001,419.55429213716366,2.743674292137163,8.482177702702703,7.232062387387388,3.091539592367423,2.6359041261249825
0.6860000000000004,0.8469712387387387,0.7226390765765767,0.8523499999999999,420.0018721371661,2.7438268721371664,8.469712387387387,7.226390765765767,3.0868246365669307,2.63369049962585
0.6880000000000004,0.8457227027027028,0.7221745045045045,0.85305,420.4497721371692,2.743924772137169,8.457227027027027,7.221745045045045,3.0821643191186765,2.6319034393279748
0.6900000000000004,0.8444767342342343,0.7216745945945946,0.85371,420.9011121371719,2.7440461121371724,8.444767342342343,7.216745945945946,3.0774874026315913,2.629965259703765
0.6920000000000004,0.8432289414414414,0.7210608783783785,0.854255,421.35016213717427,2.744222662137174,8.432289414414415,7.210608783783785,3.0727424311289044,2.6275596668122523
0.6940000000000004,0.8419723423423423,0.7205200450450451,0.854885,421.79996213717686,2.744357462137177,8.419723423423424,7.205200450450451,3.06801265490631,2.6254598935662625
0.6960000000000004,0.8407283108108108,0.7200226576576578,0.855545,422.2494921371798,2.7444769921371797,8.407283108108107,7.200226576576578,3.0633461793247485,2.6235332258951156
0.6980000000000004,0.8394718243243243,0.7194854504504504,0.8561799999999999,422.7011121371823,2.744611112137182,8.394718243243243,7.194854504504504,3.0586184709812745,2.621447706266114
0.7000000000000004,0.8382311936936937,0.7188990990990991,0.856755,423.15196713718484,2.744774467137185,8.382311936936937,7.188990990990991,3.053916464648454,2.6191554450333943
