q_relative,q_points,metric,mean,sd,median,q2.5,q97.5,min,max
0.0,0.0,a_star,0.5270625000000001,0.041080193383201756,0.53,0.439875,0.595,0.4,0.6350000000000001
0.0,0.0,gap_aR_minus_astar,0.6049308484942945,0.06297021387451891,0.6043244569721746,0.4957802910409649,0.7371912283270123,0.4049416769433284,0.8334188953436121
0.0,0.0,utility_star,2.7037284076768886,0.10072633579897508,2.7079558771476275,2.478327714003389,2.8980645967963214,2.3608190023402216,2.9705523004999184
0.0,0.0,utility_at_aR,1.9382690267501523,0.19434314675706502,1.9397292909087716,1.569212504306663,2.2846375241064063,1.2879583373220744,2.600581908623988
0.0,0.0,efficiency,0.7154846528930905,0.05024387470934042,0.7163215379456367,0.6128329038912105,0.8027292450522364,0.5315387526154562,0.8754540050300856
0.0,0.0,accuracy_at_astar,0.7934498437499999,0.021255629653162255,0.79339375,0.7504628124999999,0.8324465625,0.7285874999999999,0.8469249999999999
0.0,0.0,p_wrong_at_astar,0.20655015624999998,0.02125562965316225,0.20660624999999994,0.1675534375,0.24953718749999995,0.153075,0.2714125
0.0,0.0,p_timeout_at_astar,0.0,0.0,0.0,0.0,0.0,0.0,0.0
0.5,5.0,a_star,0.6179218750000001,0.041763367085630845,0.62,0.53,0.695,0.5,0.74
0.5,5.0,gap_aR_minus_astar,0.5140714734942945,0.06354814643669425,0.5141698573957862,0.40619954863839475,0.6380253966568852,0.2999416769433285,0.7584188953436122
0.5,5.0,utility_star,2.359626638013862,0.13368662133644063,2.3637090608663924,2.059744930381197,2.6245488420049226,1.9240628636524315,2.7253119051653445
0.5,5.0,utility_at_aR,1.8424631970809848,0.19333173413968233,1.8399509764402564,1.4740784191597087,2.174710589100774,1.2288377063532423,2.49796777378541
0.5,5.0,efficiency,0.7790450736310459,0.04580413799636632,0.7808964015245201,0.6859010372251974,0.8560978776669841,0.6099626487035948,0.9165805092073886
0.5,5.0,accuracy_at_astar,0.8286153515624999,0.019478603624010073,0.8296625,0.7898526562499999,0.8661265625,0.76905,0.8809374999999999
0.5,5.0,p_wrong_at_astar,0.17138464843749998,0.01947860362401008,0.17033749999999998,0.1338734375,0.2101473437499999,0.1190624999999999,0.23095
0.5,5.0,p_timeout_at_astar,0.0,0.0,0.0,0.0,0.0,0.0,0.0
1.0,10.0,a_star,0.7087656250000001,0.038485734924925095,0.71,0.63,0.78,0.605,0.81
1.0,10.0,gap_aR_minus_astar,0.4232277234942944,0.06166448839314827,0.42253700754049983,0.3107201725428066,0.5385835881484476,0.2299416769433284,0.6534188953436122
1.0,10.0,utility_star,2.0759035359661513,0.16262925163018482,2.0802588029795706,1.7274107205879947,2.398724687467216,1.5664949696337922,2.5170067356309733
1.0,10.0,utility_at_aR,1.746310773611005,0.19399850534198324,1.7496489990376007,1.3727716730891497,2.0722602371341448,1.1631583195190438,2.391401334792681
1.0,10.0,efficiency,0.8394527446261388,0.03941026988131984,0.8384621140109072,0.7548854242241696,0.9053055664314832,0.6958877140778005,0.9500973123908606
1.0,10.0,accuracy_at_astar,0.85903703125,0.016008793825465967,0.8592124999999999,0.825841875,0.8899021874999999,0.8023875,0.9016625
1.0,10.0,p_wrong_at_astar,0.14096296874999997,0.01600879382546597,0.1407874999999999,0.1100978125,0.174158125,0.0983375,0.1976125
1.0,10.0,p_timeout_at_astar,0.0,0.0,0.0,0.0,0.0,0.0,0.0
2.0,20.0,a_star,0.8935000000000001,0.03137546912312107,0.895,0.835,0.955,0.825,0.97
2.0,20.0,gap_aR_minus_astar,0.23849334849429438,0.05924547738502023,0.2375283276477742,0.13059314731634394,0.3561508904064589,0.0699416769433285,0.4234188953436122
2.0,20.0,utility_star,1.6560360057708248,0.20128024787293236,1.659049230526048,1.2490520303234594,2.055365517959026,1.04561317729335,2.1984876664664537
2.0,20.0,utility_at_aR,1.5544236230982067,0.19994199980421667,1.5537772367413543,1.1380711022698373,1.9259618628989736,0.9547572781094922,2.1782684568072224
2.0,20.0,efficiency,0.9381243781824598,0.025298838375408125,0.9404736032432552,0.8811967567802906,0.9793841522653132,0.8495192861564479,0.9908031280012916
2.0,20.0,accuracy_at_astar,0.9069105273437501,0.009236103082846654,0.9075,0.887319375,0.9253975,0.8795625,0.9313125
2.0,20.0,p_wrong_at_astar,0.09308947265624998,0.009236103082846652,0.0925,0.0746025,0.11268062499999998,0.0686875,0.1204375
2.0,20.0,p_timeout_at_astar,0.0,0.0,0.0,0.0,0.0,0.0,0.0
3.0,30.0,a_star,1.059703125,0.03713260136655719,1.06,0.99975,1.1353749999999998,0.97,1.224999999999997
3.0,30.0,gap_aR_minus_astar,0.0722902234942944,0.06632033322119463,0.07014285598617781,-0.050514229647904536,0.21180766834212184,-0.1014542610958888,0.2610486655933566
3.0,30.0,utility_star,1.3799981090743199,0.2180820023041995,1.3850985930585717,0.9511313363477819,1.8197201975287352,0.7340405900216441,1.9748435445939592
3.0,30.0,utility_at_aR,1.363075647540401,0.21249322535874343,1.3659106327526946,0.9330176836410138,1.7689599073695474,0.733493935064503,1.965135578821764
3.0,30.0,efficiency,0.9881745799958651,0.012308129908711137,0.9919152123763721,0.9555277069511271,1.0011552293448982,0.9279011907107864,1.0071259636617291
3.0,30.0,accuracy_at_astar,0.93695443359375,0.004939336341235915,0.93711875,0.9268428125,0.9468696875,0.917725,0.951225
3.0,30.0,p_wrong_at_astar,0.06304556640624999,0.00493933634123592,0.06288125,0.0531303125,0.07315718749999997,0.048775,0.0822749999999999
3.0,30.0,p_timeout_at_astar,0.0,0.0,0.0,0.0,0.0,0.0,0.0
4.0,40.0,a_star,1.2015624999999994,0.05871851854451603,1.195,1.11,1.3503749999999997,1.075,1.4349999999999965
4.0,40.0,gap_aR_minus_astar,-0.06956915150570502,0.07957993985868435,-0.07045466537287015,-0.23898233822307233,0.07818507296493045,-0.3348836843721363,0.1394357484741231
4.0,40.0,utility_star,1.1887901788138358,0.22038822904555858,1.185296669008161,0.7599533697762232,1.64913059008075,0.5730936925148523,1.799400250517039
4.0,40.0,utility_at_aR,1.1709626005561868,0.22896064480360975,1.1798273310120888,0.7225115018943615,1.6432486630179324,0.5051902643136552,1.7839092498980802
4.0,40.0,efficiency,0.9829120704181424,0.02122256691669741,0.9898879136432552,0.9203128036591359,1.0004651424433197,0.8738531639893495,1.010373035310655
4.0,40.0,accuracy_at_astar,0.95499939453125,0.0039755834186224895,0.95513125,0.9470951562500001,0.96303984375,0.9445,0.96815
4.0,40.0,p_wrong_at_astar,0.04500041015624999,0.003975749551371857,0.04486875,0.03696015625,0.05290484375,0.0318499999999999,0.0555
4.0,40.0,p_timeout_at_astar,1.953125e-07,1.4716952977342272e-06,0.0,0.0,0.0,0.0,1.25e-05
