q_relative,q_points,quantity,value,n_success,n_draws
0.0,0.0,P(a_R > a_star | sampled posterior draws),1.0,320,320
0.0,0.0,P(a_R < a_star | sampled posterior draws),0.0,0,320
0.5,5.0,P(a_R > a_star | sampled posterior draws),1.0,320,320
0.5,5.0,P(a_R < a_star | sampled posterior draws),0.0,0,320
1.0,10.0,P(a_R > a_star | sampled posterior draws),1.0,320,320
1.0,10.0,P(a_R < a_star | sampled posterior draws),0.0,0,320
2.0,20.0,P(a_R > a_star | sampled posterior draws),1.0,320,320
2.0,20.0,P(a_R < a_star | sampled posterior draws),0.0,0,320
3.0,30.0,P(a_R > a_star | sampled posterior draws),0.875,280,320
3.0,30.0,P(a_R < a_star | sampled posterior draws),0.125,40,320
4.0,40.0,P(a_R > a_star | sampled posterior draws),0.190625,61,320
4.0,40.0,P(a_R < a_star | sampled posterior draws),0.809375,259,320
