path,bytes,sha256
.gitignore,49,cf6ded4a6f680b5f2fbc5a197337568d1fa6bb38dff675d0bc7cc5f5135e3f31
CITATION.cff,415,ae1d45469321b59ef58de14b2f2d7cec691651c4971b8b19dd0967b97ffde8d8
README.md,2888,52804185176cf5a33a74195b608c2cb5f9df9328a70c5469255bc75523a39bd8
docs/CODE_ANNOTATION_STANDARD.md,1128,f1c0dfe26c0c004ffe775c4ec5e2a43c6d988768c40c3e471dced8c154bbf656
docs/DATA_ACQUISITION.md,1474,d484bfa6e2afb69078b47a92a3294a3ff9953c17c6d4803b1474cde1e48724af
docs/MANUSCRIPT_REPRODUCIBILITY_STATEMENT.md,1129,060b58d2ffe04be7b66a0fe7e8011516e43fda3039aeee3c99447541ae850b3a
docs/PUBLIC_RELEASE_CONTENT_AUDIT.csv,770,10d1110170f3c3e7bd01c5bb8bbc964ffe0a721de885ea076c5191d057afaf7b
docs/PUBLIC_RELEASE_DECISION.md,782,52706de68ebd335cc0c7c9f075b8b818efe7438a5f3419d8a1ea8a290eec1323
docs/REPRODUCIBILITY_LEVELS.md,1394,77de6c87b3f04c908564320560c67a71d3410d8fe868d30aa1deede20719f0f1
docs/THIRD_PARTY_LICENSE_AUDIT.md,622,65b21de4b4aa543508e94c5a4cff120c7b951ebbcbfe7279edfce221f44fb4e2
manuscript/MANUSCRIPT_RESULT_LEDGER.csv,10996,5849251974d80f9f6dc261d9ab2e6b565328bae1daaccbb689bed7aa6527828c
manuscript/README.md,909,ac302eedf718ae535f9920d7e6a391caae6d8a8eecf96a632f171a48adc7fc1e
requirements.txt,30,80a99a0c63fa6519d6eea6737550e563e0520a66120e976256264ba1ec7bc143
run_all.py,1311,cdd824b2df3416125840b152e1fdf3c643a269f511a7612d8f31d43d98cc93d3
studies/01_hubner/README.md,845,0eb6e22d86ba88d8603f2699a45b153c26d64d8cf921eb68267ca9c0763bf599
studies/01_hubner/data/HUBNER_LOPO.csv,4247,9d52156fb476e59b674b40c336c90f25641db3dc4dc6751f3359acd6a305023d
studies/01_hubner/data/HUBNER_SATF.csv,760,fe9a4f4cbf12599980c8e974a8161c7e4b21a60f772107e42852320f7f4b3f24
studies/01_hubner/figures/Figure1_Hubner_SATF.png,193867,be6831289e88aa8c4393a64fef396c7e81cf95b90cd489a059c2e96d048a6829
studies/01_hubner/figures/Figure2_Hubner_LOPO.png,312228,26f0c96d55afc4e8d0f4d0777b3e0df83be5049efd0947640f165d83e1f5961c
studies/01_hubner/results/checks.csv,1339,30c016ef9a24ade7785bfe0a679d248bc6037b9e7946c85f1a14864bf5c15c26
studies/01_hubner/scripts/reproduce_hubner.py,2175,10632122b2c3bb86072e2a979991b30988cc702b50ed05fba03480b8587d4083
studies/02_tbe_exp3/README.md,555,8e0516a8710cd5cacdd37115a8fbeac3a4138727ede30e536ffba6b996bfc806
studies/02_tbe_exp3/data/TBE_N58_validation.csv,12057,b4a75d15e1110f59c9d29f9d1ab0b434510050350cb407567851b7f08991ffb9
studies/02_tbe_exp3/figures/Figure3_TBE_temporal.png,405984,e6d0aa63356aacc5081c6671f56771dbb2e0d8f4067b9497a81b8b0d16b365ca
studies/02_tbe_exp3/results/checks.csv,397,f5409818c83244086196df8352ba47f9a9e76115a2303f0083dfcb8262cd7d97
studies/02_tbe_exp3/scripts/reproduce_tbe_exp3.py,1265,858e4055627cad7218259b88b98a1be3f865142458bfbdfdfc93b38ed122573f
studies/03_evans/README.md,530,c916fad057967b79e23e1f17d3d8266920c2d64481cfc7ad88edafb56ce6cdb3
studies/03_evans/data/EVANS_subjects.csv,11540,d874d2ba2c4b513374e90f0aaf805c57c70b7ec2f4acfe0a71a6fceb470353ed
studies/03_evans/figures/Figure4_Evans_specificity.png,307696,9cac3697631eadb529406f39d08da197f77049b813e329ea4f08107c2226ff8a
studies/03_evans/results/checks.csv,312,44c628ad03eff4fc4aee10973561d3aad4aefa6f486dfd3cd97a1936f5706f8a
studies/03_evans/scripts/reproduce_evans.py,1160,f7e923fb1014ed874ac3228455de7219e9b536f8b267ad52a004845221336b71
studies/04_bogacz/README.md,581,bca1cbd52efc5f99b2f666608cdfff7c3725910b9f4e9f5793aac5e5afa2e1c0
studies/04_bogacz/data/BOGACZ_predictions.csv,8851,64306994f5a874c8c97debdff94ae47f4e7dc0d116cce7280029621389fd5db6
studies/04_bogacz/figures/Figure5_Bogacz_boundary.png,113909,65b50d19b674d152db5a2a34c6c01f99c72ee20755907976235337813bc01a79
studies/04_bogacz/results/checks.csv,872,221a768e280cc9a3d6131a9902261c47eeb160b3228e9257b85f2a085d5152ab
studies/04_bogacz/scripts/reproduce_bogacz.py,1487,131b6c5c6af6136a5b796e8c1e4e3f0f3425cc1db65bf2b46cf040e189953756
studies/05_leng/README.md,531,f512776a5bbc05b52f9bd8c0321aa0c2f9c8b7c828050686987ddc874ed032a7
studies/05_leng/data/LENG_DDM_effects.csv,900,72ee78609a42a98b0cb263b4111441818184eefc156c519a2456070fe146d8ff
studies/05_leng/data/LENG_forward.csv,738,c62e10f97f6894d93638b115e7b0a8b492c5c202f15eb349ccfec043c8b1923a
studies/05_leng/data/LENG_mapping.csv,986,51338fd2172219d66d04d0102fbbbe4c87524509d59fa4b683732433a3889241
studies/05_leng/figures/Figure6_Leng_effects.png,83324,4627c391193dc6d3e8c5ce76a3f288b46fabaff1327b3b55316d95b06c927ccf
studies/05_leng/figures/Figure7_Leng_mapping.png,126213,7cc214ec3c6adbc7d81bc5604915da3f9081e2ae68266476d94de17e5ec57e04
studies/05_leng/results/checks.csv,1172,5954442bf68f816cca066f13bdc2016c235c105c5e9dc5e28fd5f4ec9cc4308e
studies/05_leng/scripts/reproduce_leng.py,1910,43247a7f303bc0572605a848383a2642789ecec8570a67a99c9694b0d6bf15bf
verification/summary.csv,107,550ddef8ba83976eebf0129d4528de49c2f36d217add66a4f0e151ea1e237974
