analysis_id,chain,source_draw,a_R,v_RI,v_RC,t,a_star_logged,rr_star_logged,rr_hat_logged,efficiency_logged,gap_hat_minus_star_logged,a_star_intended,rr_star_intended,rr_hat_intended,efficiency_intended,gap_hat_minus_star_intended,coarse_peak_logged,coarse_peak_intended,fine_logged_on_edge,fine_intended_on_edge
1,4,499,1.2490757136979942,2.361474678971963,2.719779780920377,0.30468103584265693,0.33,3.6562355651759173,2.0360134605707385,0.55686058085614,0.9190757136979941,0.575,2.8135566302890944,1.9554698027169624,0.6950170405903778,0.6740757136979942,0.3299999999999999,0.5899999999999997,False,False
2,1,628,1.1311373297388476,2.2388574861670154,2.4288548684785285,0.3299328232905975,0.28,3.6048690647826027,1.9285084250961655,0.5349732238367629,0.8511373297388476,0.515,2.6043101921839513,1.797889275788774,0.6903514340129661,0.6161373297388476,0.2899999999999999,0.5099999999999998,False,False
3,1,788,1.1038925619637872,2.4227711235161062,2.883789554429087,0.3124281049535508,0.32,3.6491866463190274,2.299870706780481,0.6302420045026704,0.7838925619637871,0.58,2.820417355691375,2.1834930552076757,0.7741737409187199,0.5238925619637872,0.30999999999999994,0.5699999999999998,False,False
4,3,445,1.104336000989088,2.390390990729731,2.428031902729429,0.30345320384037383,0.32,3.651037087275091,2.2835887010707663,0.6254630250209526,0.7843360009890878,0.56,2.7605630158060968,2.132026882443093,0.7723159624452665,0.5443360009890879,0.30999999999999994,0.5899999999999997,False,True
5,2,676,1.1685764460586352,2.3169663266836427,2.763533931445743,0.32676186156584136,0.29,3.617995449688421,1.9863257234319052,0.5490127754591195,0.8785764460586352,0.53,2.693548480069412,1.8879155596438781,0.7009027584293664,0.6385764460586352,0.2899999999999999,0.5299999999999998,False,False
6,1,113,1.153801893948942,2.402482330166279,2.558761892263026,0.3640540769664973,0.195,3.5445104731131734,1.5698532551576394,0.4428970564668198,0.958801893948942,0.43,2.465882856123605,1.4844672765306193,0.6020023509406356,0.7238018939489421,0.18999999999999997,0.4299999999999998,False,False
7,3,38,1.1433398619559187,2.333563797423241,2.737674543202974,0.2922953419018217,0.34,3.6747540007912316,2.3552490837575375,0.6409270071548778,0.8033398619559187,0.58,2.8530465103029194,2.2334460849680586,0.7828284876894365,0.5633398619559188,0.34999999999999987,0.5899999999999997,False,False
8,1,1049,1.077029096701764,2.258225662642531,2.506846208333509,0.32291415946484864,0.29,3.6172278696351037,2.136907564227402,0.590758349001377,0.7870290967017639,0.53,2.649469910970838,1.9810961114283638,0.7477330099976248,0.5470290967017639,0.2899999999999999,0.5299999999999998,False,False
9,2,369,1.109663261117456,2.570338626222709,2.8177018051807226,0.340498674212132,0.265,3.6012291993653305,2.000874649494415,0.5556088043068859,0.8446632611174559,0.51,2.6872833955782474,1.9033341576417637,0.7082744457743378,0.5996632611174559,0.2699999999999999,0.5099999999999998,False,False
10,2,383,1.1241517871257989,2.501447223453006,2.759727576797149,0.3151401752872842,0.315,3.640762071808591,2.225421258921763,0.6112514948872391,0.8091517871257989,0.56,2.7893026582957834,2.1113554387064215,0.7569474156656861,0.5641517871257988,0.30999999999999994,0.5699999999999998,False,False
11,2,290,1.1136727066966468,2.6231799551546784,2.5021215070019127,0.3241189591195035,0.295,3.6237474426833174,2.1167779181821014,0.5841405759267447,0.8186727066966468,0.555,2.7186443525446995,2.0013817584530154,0.7361690235722398,0.5586727066966467,0.2899999999999999,0.5299999999999998,False,False
12,1,431,1.0953972495648454,2.4734976279899294,2.6488659620086055,0.3161185473936492,0.31,3.6383715228727955,2.239402564424616,0.6154958476193279,0.7853972495648454,0.56,2.765473080788383,2.118343016554678,0.7659966142034473,0.5353972495648454,0.30999999999999994,0.5299999999999998,False,True
13,4,283,1.0871131181075877,2.4481355345978115,2.9434443298428272,0.3129766698395846,0.315,3.65114722266861,2.346667672021645,0.6427206379003458,0.7721131181075878,0.555,2.8375905722619166,2.2285405831451386,0.785363683164732,0.5321131181075877,0.30999999999999994,0.5699999999999998,False,False
14,4,622,1.165964861075023,2.6437236832804167,2.3481190708832784,0.3137865005993283,0.31,3.6378838908054703,2.0918653092627433,0.5750225603818212,0.855964861075023,0.545,2.737220609174657,1.9784526106339446,0.7227961838379184,0.620964861075023,0.30999999999999994,0.5699999999999998,False,False
15,1,356,1.1178157340307422,2.2448345799713794,2.588962334542912,0.310726832959328,0.315,3.639919282700505,2.186673991211022,0.6007479346049397,0.8028157340307422,0.55,2.7288731115935128,2.047303622546685,0.7502377497322226,0.5678157340307421,0.30999999999999994,0.5699999999999998,False,False
16,1,1020,1.1382711013693778,2.299500633219378,2.463200477040219,0.3300901918329274,0.28,3.6060367773361253,1.9242804834321332,0.5336275257995705,0.8582711013693778,0.505,2.623174314471554,1.7998822511987793,0.6861466435033201,0.6332711013693778,0.2699999999999999,0.4899999999999999,False,False
17,2,13,1.194607015818923,2.550313793504615,2.739608972655316,0.3715795862641714,0.16,3.526274864550364,1.4843752443668925,0.42094711881065044,1.0346070158189231,0.42,2.460307938988013,1.4232255827193168,0.5784745722946882,0.7746070158189231,0.15,0.4099999999999999,False,False
18,1,702,1.1243141082328207,2.390510532418225,2.417967046956281,0.3092634787153826,0.31,3.6409392141360395,2.1774337619389055,0.5980417781996918,0.8143141082328207,0.55,2.7258719206451145,2.042691328911039,0.7493717197202752,0.5743141082328207,0.30999999999999994,0.5699999999999998,False,False
19,3,502,1.1508422847726505,2.510765296962239,2.477070233855776,0.3294842885113499,0.285,3.6092082002114756,1.9630916014970798,0.543911986396921,0.8658422847726506,0.525,2.6621537974249656,1.8563149191297494,0.697298150439436,0.6258422847726505,0.2899999999999999,0.5299999999999998,False,False
20,4,79,1.0401163156278637,2.2375832813847207,2.709275403110854,0.3613176213974125,0.205,3.5496777402982183,1.8209944865278034,0.5130027624352222,0.8351163156278637,0.44,2.472401510331486,1.6924076863359168,0.6845197591345137,0.6001163156278637,0.20999999999999996,0.44999999999999984,False,False
21,3,1180,1.251583714651531,2.1851814987751816,2.444821200568642,0.29915765416300366,0.32,3.6534286679782744,1.9796671622330513,0.5418655575745933,0.9315837146515309,0.58,2.7341616572229874,1.8754900891122337,0.6859470376075412,0.671583714651531,0.3299999999999999,0.5899999999999997,False,False
22,4,925,1.1517204553098574,2.4033627269668965,2.417655468602424,0.34602905851674787,0.245,3.579802698560416,1.7419108157157617,0.4865940841980634,0.9067204553098575,0.48,2.555752610755258,1.6392582119568389,0.6413994081658854,0.6717204553098575,0.24999999999999994,0.46999999999999986,False,False
23,3,194,1.0878854852739266,2.1877712774347557,2.667873856156935,0.32116791452586085,0.295,3.6237226883778795,2.1362249574051164,0.5895111577540098,0.7928854852739267,0.54,2.6762575457687166,1.9910933495651304,0.743984207616019,0.5478854852739266,0.30999999999999994,0.5099999999999998,False,True
24,1,1126,1.1497401756233636,2.4250885170977896,2.4942152299090936,0.32590732691799046,0.295,3.616590370250801,1.992466775279833,0.5509240946028567,0.8547401756233637,0.53,2.6775741239436126,1.8812731220728316,0.7026035638938859,0.6197401756233636,0.2899999999999999,0.5099999999999998,False,False
25,4,1152,1.0532794643129717,2.2626128880263017,2.6242790694893694,0.31811720287472384,0.3,3.628165995482932,2.2600914421135085,0.6229294483569173,0.7532794643129717,0.545,2.7070651864489426,2.1032952792615314,0.7769651391441295,0.5082794643129717,0.30999999999999994,0.5499999999999998,False,False
26,4,719,1.1610066406227135,2.350618503403965,2.908641818585162,0.2967442643355308,0.345,3.6728292587784153,2.3318818916025044,0.6349007065953535,0.8160066406227136,0.61,2.876793356646624,2.2226109376728935,0.7726001356815257,0.5510066406227135,0.3299999999999999,0.6099999999999998,False,False
27,2,277,1.0734888372321747,2.6321654350773827,2.6051896645633343,0.331006633653652,0.275,3.6156282993228994,2.143687346141812,0.5928948356066528,0.7984888372321747,0.53,2.7158021180169527,2.024491429004308,0.7454487996653335,0.5434888372321747,0.2899999999999999,0.5099999999999998,False,False
28,1,968,1.147944287106649,2.3385695829214668,3.0026134105638773,0.3485762949360438,0.255,3.5834774713613027,1.8266135068386165,0.5097321028070303,0.892944287106649,0.485,2.630230761859456,1.7424523827951517,0.6624712964589143,0.662944287106649,0.24999999999999994,0.4899999999999999,False,False
29,2,20,1.1710441846293156,2.5692365308104987,2.6301960682688024,0.3352336087885494,0.28,3.604602539919246,1.9039974581802006,0.5282128714870339,0.8910441846293156,0.515,2.6805595637251054,1.8151564135352272,0.6771557842246753,0.6560441846293156,0.2699999999999999,0.5099999999999998,False,False
30,3,57,1.1467117976047654,2.3435170206743,2.7416587032957023,0.3005866225797224,0.34,3.662581710349578,2.28229094939888,0.6231372102770221,0.8067117976047653,0.595,2.826077025010944,2.163466651674236,0.7655370439402153,0.5517117976047654,0.3299999999999999,0.6099999999999998,False,False
31,1,653,1.1338401857721236,2.5304713343458127,2.432303580591698,0.3573964651412329,0.22,3.5622832749560884,1.6764804456930835,0.47061963249223887,0.9138401857721237,0.455,2.5204473756531773,1.5814011113474173,0.6274287361138001,0.6788401857721236,0.20999999999999996,0.44999999999999984,False,False
32,3,137,1.084353590894292,2.4181777390893244,2.7380187863970074,0.3083009707557061,0.32,3.650903891509771,2.3476308760731195,0.6430273011383753,0.764353590894292,0.58,2.8030620435200224,2.2150495054948114,0.7902249294179738,0.5043535908942921,0.3299999999999999,0.6099999999999998,False,True
33,3,472,1.1248258942562006,2.3462062734703415,2.5101986102405642,0.3335771088895369,0.285,3.6024245393391903,1.9419835323204633,0.5390768109404147,0.8398258942562007,0.52,2.6337302843074153,1.8222680885108404,0.6918962428949087,0.6048258942562006,0.2899999999999999,0.5299999999999998,False,False
34,1,1112,1.118202585649587,2.49550804055745,2.4206502074731775,0.32182890498546635,0.3,3.623146026172929,2.092659610715403,0.5775808083909457,0.8182025856495869,0.535,2.6941410800628702,1.9626695565857843,0.7284954641425028,0.5832025856495869,0.2899999999999999,0.5499999999999998,False,False
35,2,138,1.0705225140140662,2.60280221056059,2.71621308550519,0.30450349267257665,0.335,3.662078812014928,2.452897093415467,0.6698100230305661,0.7355225140140662,0.585,2.8602202928563742,2.32067080832018,0.81136086409716,0.4855225140140662,0.3299999999999999,0.5899999999999997,False,False
36,1,448,1.0678061799092324,2.396180728086448,2.82713121007979,0.3433937588781672,0.25,3.591618575039944,2.0216380752428327,0.5628766064671411,0.8178061799092324,0.49,2.6404731038064435,1.9011637388912062,0.7200087500041312,0.5778061799092324,0.24999999999999994,0.4899999999999999,False,False
37,1,945,1.123949762561982,2.1607652114280316,2.4745742221154536,0.3325018569004834,0.27,3.599294612663519,1.9050178676562108,0.5292753366044898,0.8539497625619821,0.5,2.5803983856886017,1.7749768060926483,0.6878692902371276,0.6239497625619821,0.2699999999999999,0.4899999999999999,False,False
38,1,459,1.0829430172776648,2.4310199200253115,2.8982420129610835,0.34587652029962923,0.255,3.5896396490803335,1.9897218661026976,0.5542957122764299,0.8279430172776648,0.495,2.646719254613848,1.8835716561570501,0.7116628077849761,0.5879430172776648,0.24999999999999994,0.4899999999999999,False,False
39,2,660,1.2367594464708245,2.670582908395716,2.6530639533131413,0.3367250405200959,0.265,3.607217467067232,1.787388889680235,0.4955035026300845,0.9717594464708245,0.52,2.6985796522824015,1.7203959215912201,0.6375190445596615,0.7167594464708245,0.2699999999999999,0.5299999999999998,False,False
40,3,346,1.1286769639036995,2.3604344622357054,2.8165577174195993,0.3144528107221536,0.315,3.6413890868411536,2.2037795721789326,0.6052029924906146,0.8136769639036996,0.56,2.779746173578106,2.088019608440747,0.7511547738738447,0.5686769639036995,0.30999999999999994,0.5499999999999998,False,False
41,1,171,1.1305715026589946,2.393410675871632,2.635551096085466,0.320560688935611,0.3,3.6283476270084654,2.0983405471226484,0.5783184972418721,0.8305715026589946,0.555,2.719049637808282,1.9838482465253722,0.7296108974768382,0.5755715026589946,0.2899999999999999,0.5499999999999998,False,False
42,1,160,1.1542217277751177,2.482909634950604,2.612261268391844,0.3408999795210943,0.26,3.5940180025390225,1.8569252084702277,0.5166710926763272,0.8942217277751177,0.49,2.633039014367795,1.7625931961388528,0.6694140065987817,0.6642217277751177,0.2699999999999999,0.4899999999999999,False,False
43,4,767,1.1960801913754315,2.471710372565095,2.5698311097394693,0.34996935813867236,0.24,3.5771688093495873,1.6671725738619059,0.46605923922417203,0.9560801913754315,0.48,2.580905778691923,1.5877813915304062,0.6152031603165069,0.7160801913754316,0.24999999999999994,0.4899999999999999,False,False
44,1,884,1.086319672119067,2.25587484939981,2.7918220325920444,0.3289501925959569,0.28,3.6145831008214135,2.112510662668083,0.5844410278430215,0.8063196721190671,0.515,2.6894927324600966,1.9784485883446732,0.7356214666306138,0.5713196721190671,0.2899999999999999,0.5299999999999998,False,False
45,1,210,1.0386148020920887,2.323233486529684,2.702391344643235,0.3261063917470718,0.285,3.6171596045157695,2.2370466831528284,0.6184539604943152,0.7536148020920888,0.52,2.690680445603099,2.079941422130344,0.7730168870588935,0.5186148020920887,0.2899999999999999,0.5499999999999998,False,True
46,2,739,1.1982377303780103,2.223596346023092,2.806997838160489,0.3099092427210647,0.32,3.6462239924324766,2.0800183949103714,0.5704582053179748,0.8782377303780102,0.56,2.773491726303748,1.9813168563463293,0.7143763356333657,0.6382377303780102,0.3299999999999999,0.5899999999999997,False,True
47,3,212,1.1157752184604812,2.193185048858953,2.7830095962964587,0.32802542322673983,0.295,3.6114385485714253,2.044170959756772,0.5660267874599122,0.8207752184604813,0.535,2.6640819497889665,1.9214939541071334,0.7212593269735352,0.5807752184604812,0.2899999999999999,0.5099999999999998,False,False
48,3,1083,1.103459724753445,2.6125544068172712,2.7122044812445685,0.34231318083705375,0.265,3.597385309109046,1.9744061066653218,0.548844768356025,0.838459724753445,0.495,2.6792979887672344,1.8754182084055766,0.6999662658905929,0.608459724753445,0.24999999999999994,0.4899999999999999,False,False
49,2,799,1.061322460037603,2.1583365644492067,2.6436444694036227,0.3586671036023014,0.21,3.5547647834025917,1.779123873759827,0.5004899007851834,0.851322460037603,0.44,2.478422400486822,1.6478706473779985,0.6648869244622373,0.621322460037603,0.20999999999999996,0.44999999999999984,False,False
50,3,532,1.144308933287321,2.5215324113540416,2.8966237759754523,0.2854513326405626,0.355,3.6940135258038285,2.5011178784348744,0.677073286538826,0.7893089332873211,0.62,2.956302600412782,2.3896764106159387,0.8083328175817568,0.5243089332873211,0.3699999999999999,0.6299999999999998,False,False
51,1,41,1.1213989473322026,2.377982656944151,2.6044889253258345,0.31552689382925914,0.31,3.63549400306724,2.15842046998695,0.5937076139214935,0.8113989473322025,0.54,2.7430760382807478,2.0340120942327724,0.741507732868977,0.5813989473322025,0.30999999999999994,0.5299999999999998,False,False
52,2,172,1.132338039006971,2.3283265228633234,2.438304006436631,0.3179808451830286,0.29,3.6278469112346463,2.068232446214516,0.5700991515958553,0.842338039006971,0.54,2.695650440063635,1.9395438136724097,0.7195086517325383,0.592338039006971,0.30999999999999994,0.5299999999999998,False,False
53,3,236,1.0612400545396454,2.311630438698111,2.349076488463516,0.3267086539348178,0.285,3.6101746755233197,2.111815706344403,0.5849621960572533,0.7762400545396455,0.51,2.6246039699377586,1.9464254820266744,0.7416073069769963,0.5512400545396454,0.2699999999999999,0.5099999999999998,False,False
54,4,71,1.1286764536741165,2.181028622092332,2.7512090708690504,0.3241205099034636,0.295,3.6201624618486976,2.0465951297949703,0.5653323991293588,0.8336764536741166,0.535,2.684696545135122,1.9265107407744593,0.7175897567512596,0.5936764536741165,0.2899999999999999,0.5299999999999998,False,False
55,4,524,1.1295077744603816,2.5402148397129403,2.6958328665662847,0.34101490566822734,0.27,3.5968630816365628,1.9229003408624374,0.5346048201499856,0.8595077744603816,0.495,2.655837368786413,1.8277097328273448,0.6881858634523688,0.6345077744603816,0.24999999999999994,0.5099999999999998,False,False
56,4,196,1.1592988723867905,2.4440797677147104,2.740671396985996,0.32153582440805456,0.295,3.6298784828056556,2.065924269876015,0.5691441957801278,0.8642988723867906,0.565,2.752786403937351,1.9689613453618269,0.7152612140722551,0.5942988723867906,0.2899999999999999,0.5699999999999998,False,False
57,1,923,1.1266843274253442,2.6763609127262136,2.6190543508392747,0.3056884064341108,0.335,3.65978232100077,2.321735211784591,0.6343916135290011,0.7916843274253442,0.57,2.84592736711144,2.2088581955314113,0.7761470728514617,0.5566843274253442,0.3299999999999999,0.5899999999999997,False,False
58,4,35,1.1603078487348317,2.8304190869875154,2.6673054039571524,0.32455899485184625,0.3,3.631899330034288,2.10957749846725,0.5808469086744577,0.8603078487348317,0.54,2.797619021050649,2.028323820651801,0.7250178832034327,0.6203078487348317,0.30999999999999994,0.5699999999999998,False,True
59,3,916,1.2141922495197393,2.5225797314845417,2.680949523744325,0.32358345718708115,0.3,3.627032909714787,1.9447598413663072,0.5361847796190066,0.9141922495197392,0.555,2.746461426538721,1.8674554320735632,0.679949630469436,0.6591922495197392,0.2899999999999999,0.5299999999999998,False,False
60,3,401,1.1597911307416535,2.5461328871064604,2.4367784495769556,0.31376122105788967,0.31,3.639959718959719,2.0969929047914557,0.5761033271518634,0.8497911307416535,0.545,2.7487589645639803,1.9830678514501845,0.7214411583609868,0.6147911307416535,0.30999999999999994,0.5499999999999998,False,False
61,2,510,1.2070694288367536,2.4218653019449214,3.24963515871504,0.30389017019741427,0.335,3.6705296088325015,2.2706315545076134,0.61861142573097,0.8720694288367536,0.585,2.917014280201646,2.193033188583054,0.7518074914708525,0.6220694288367536,0.34999999999999987,0.5899999999999997,False,False
62,2,53,1.094142002676362,2.3971059362493685,2.570296711676923,0.350931940670723,0.24,3.572609348223302,1.8390343775986506,0.5147594372480783,0.854142002676362,0.465,2.5473286633367747,1.7232332621143645,0.6764864255313964,0.6291420026763619,0.22999999999999995,0.44999999999999984,False,False
63,3,732,1.1182829229820728,2.2115870966977376,2.7373056978877393,0.3035017057515931,0.335,3.6542542640383764,2.281959225430082,0.6244664603355353,0.7832829229820728,0.575,2.782435428774486,2.144929501286348,0.7708820406413077,0.5432829229820728,0.3299999999999999,0.5899999999999997,False,False
64,3,385,1.184095409138608,2.590712094760744,2.7865049456829887,0.32070114404755873,0.3,3.6354819611962332,2.07430383939578,0.5705718970788795,0.884095409138608,0.54,2.791566871234333,1.9925552894522518,0.7137766642757204,0.644095409138608,0.30999999999999994,0.5499999999999998,False,False
65,1,155,1.148473370371321,2.3436844562980896,2.8514501266210353,0.3117677756023704,0.32,3.6460505410827015,2.200694775349999,0.6035831787171273,0.828473370371321,0.57,2.7949984761901443,2.0909669129126285,0.7481102157031657,0.5784733703713211,0.3299999999999999,0.5699999999999998,False,False
66,1,666,1.1103128594943468,2.7102025302892896,2.6639445461403466,0.3295571003689443,0.29,3.620569628107259,2.1183677864577253,0.5850924036959216,0.8203128594943467,0.535,2.744514799826778,2.015006759047558,0.7341941676447643,0.5753128594943467,0.2899999999999999,0.5499999999999998,False,False
67,2,1113,1.034252106337568,2.6462542202325077,2.5719050041051537,0.3271433117854594,0.285,3.620814008177671,2.267643480729414,0.6262800231130078,0.7492521063375681,0.525,2.7257443286004657,2.12327830238318,0.7789719234134398,0.509252106337568,0.2899999999999999,0.5299999999999998,False,False
68,4,898,1.1497631979582896,2.4293366292634646,2.5688618338912375,0.3295532674901933,0.28,3.612437330009765,1.9610557154505377,0.5428622108290627,0.8697631979582896,0.53,2.677885582596518,1.8577420631929602,0.6937346671068992,0.6197631979582896,0.2899999999999999,0.5099999999999998,False,False
69,3,249,1.0057822346133825,2.4682717731390746,2.5393732790989683,0.33271855137898,0.275,3.607040561541872,2.2371073796787266,0.6202057729903787,0.7307822346133824,0.51,2.661004925778312,2.0699721899132233,0.7778911530228684,0.49578223461338244,0.2699999999999999,0.5299999999999998,False,False
70,1,797,1.1200921519078881,2.3377563444383918,2.688524352066872,0.31170214456193257,0.31,3.642791531971508,2.205580599401527,0.6054644027921765,0.8100921519078881,0.56,2.7573429468306165,2.076478614377149,0.7530723070787854,0.5600921519078881,0.30999999999999994,0.5699999999999998,False,False
71,4,420,1.1145381884532937,2.471082081717288,2.6794488207279374,0.33867330589145433,0.27,3.597999722797677,1.9706242913112046,0.5476999564021414,0.8445381884532936,0.51,2.6593160747426734,1.8642385465184463,0.7010218018927434,0.6045381884532937,0.2699999999999999,0.5099999999999998,False,False
72,3,523,1.1181291689341495,2.4268772792811917,2.4608057157850545,0.3318307455544956,0.27,3.606803326888652,1.9756057929534971,0.5477442527085945,0.8481291689341495,0.505,2.6411733365473125,1.854465546414035,0.7021370088637555,0.6131291689341495,0.2699999999999999,0.5299999999999998,False,False
73,1,480,1.1859094533972456,2.441119589290094,2.881568575342232,0.317966587814996,0.315,3.6392953168458937,2.085867888608702,0.5731515876036362,0.8709094533972457,0.54,2.7932074627843884,2.0010976157233524,0.7164156770971007,0.6459094533972456,0.30999999999999994,0.5499999999999998,False,False
74,2,885,1.1132063792446736,2.767463159300696,2.92877868651862,0.3040813123853518,0.34,3.672370477094318,2.455126526388553,0.668539991186052,0.7732063792446735,0.58,2.9429352202708676,2.3603645502163957,0.8020443446931013,0.5332063792446736,0.3299999999999999,0.5899999999999997,False,False
75,3,1128,1.1063739451667503,2.4898185701563786,2.4869919781942564,0.3452101264872845,0.25,3.585671010704809,1.8692908997334299,0.5213224788757174,0.8563739451667503,0.485,2.5920316757090514,1.7582058338502435,0.678311862592993,0.6213739451667503,0.24999999999999994,0.4899999999999999,False,False
76,4,939,1.2297010793989704,2.526029372235956,2.8972933992487877,0.30830158702036403,0.325,3.658190016901558,2.119076045954145,0.5792689926339519,0.9047010793989705,0.58,2.8563471991987357,2.048569086274235,0.7171989059484438,0.6497010793989705,0.3299999999999999,0.5699999999999998,False,False
77,3,980,1.0886823093598836,2.19079307438235,2.5493476726021624,0.3409951639732115,0.265,3.587700220770761,1.9178378851997293,0.5345591234453005,0.8236823093598836,0.475,2.573822529948581,1.7847043724763711,0.6934061504668022,0.6136823093598837,0.24999999999999994,0.4899999999999999,False,False
78,3,281,1.1366839351895173,2.6260666776842463,2.634064363617754,0.3361876146445558,0.275,3.605950140497727,1.9680574093368421,0.5457805384589128,0.8616839351895172,0.5,2.6870470724362936,1.8748433511482383,0.697733720551592,0.6366839351895173,0.2699999999999999,0.5299999999999998,False,True
79,4,937,1.247252201974878,2.3986699413891945,2.8085864421688225,0.32760789423430736,0.28,3.620276055773007,1.8474398313810438,0.5103035798706724,0.9672522019748779,0.525,2.725992694078811,1.7754723512839694,0.651312219266219,0.7222522019748779,0.2899999999999999,0.5499999999999998,False,False
80,2,519,1.1532750308504456,2.325533678174771,2.8541262637003104,0.32970288119452845,0.285,3.616100336086974,1.9946541110373306,0.5516036408424911,0.8682750308504457,0.52,2.7005250236613305,1.8932443516289648,0.7010652873203644,0.6332750308504456,0.2899999999999999,0.5099999999999998,False,False
81,2,264,1.0997544692006438,2.3078499660751137,2.9971868955054237,0.34205792339226365,0.265,3.5941983396932633,1.992811512779285,0.5544522935118144,0.8347544692006438,0.51,2.657210119616431,1.886920057181627,0.7101132286271754,0.5897544692006438,0.2699999999999999,0.4899999999999999,False,False
82,3,824,1.1768736951348804,2.559717617825288,2.488373982000582,0.37825665915902223,0.15,3.486079793866052,1.4023130120626526,0.4022607326803302,1.0268736951348805,0.4,2.3608190023402216,1.3328946167963795,0.5645899221732433,0.7768736951348804,0.15,0.3899999999999999,True,False
83,2,995,1.128358918252359,2.6141135275729805,2.606338763648374,0.33455366501193917,0.27,3.6085279063431512,2.002817623229337,0.5550234542204147,0.858358918252359,0.525,2.6955439014556313,1.9042226299317344,0.7064335434876159,0.603358918252359,0.2899999999999999,0.5099999999999998,False,False
84,4,591,1.1336402878333387,2.0082090351594393,2.638432122464403,0.3350854865867219,0.26,3.5959363719784587,1.8557054861543403,0.516056263012614,0.8736402878333387,0.495,2.5738738435965804,1.7256163225073873,0.6704354709538181,0.6386402878333387,0.2699999999999999,0.46999999999999986,False,False
85,4,19,1.2644357484741233,2.6447673260164217,2.896360244058961,0.34028765143530326,0.27,3.604951283732431,1.7483637029287271,0.48498955057127346,0.9944357484741233,0.51,2.722610953116886,1.696394591494805,0.6230763853912904,0.7544357484741233,0.2699999999999999,0.5099999999999998,False,False
86,4,428,1.19766863332388,2.2076793007962996,2.7387067616150937,0.3094302823924406,0.32,3.642187110272856,2.068123543199794,0.567824628604778,0.8776686333238799,0.56,2.7483721298386543,1.9648100607100967,0.7148995725063777,0.6376686333238799,0.30999999999999994,0.5699999999999998,False,False
87,2,815,1.2107619541011663,2.338869330420483,2.977809009345476,0.34459294218053177,0.255,3.592183448446497,1.7539761595338244,0.48827577564067953,0.9557619541011663,0.495,2.6524429215634457,1.6849952126570586,0.6352616295561457,0.7157619541011663,0.24999999999999994,0.4899999999999999,False,False
88,4,154,1.1027688810871825,2.5120302335567914,2.7370504073750315,0.3137752970611829,0.31,3.6431231345288286,2.2804749615023163,0.6259670280942217,0.7927688810871825,0.55,2.793983295359469,2.1592782109519377,0.7728314677250526,0.5527688810871825,0.30999999999999994,0.5699999999999998,False,False
89,1,669,1.132064185826169,2.5722928556592657,2.863932264850805,0.337393907819765,0.275,3.6081736029169234,1.9970442053806075,0.5534778603130833,0.8570641858261691,0.505,2.7181544093665826,1.9106447268199962,0.7029198636530872,0.6270641858261691,0.2699999999999999,0.5099999999999998,False,False
90,3,36,1.1804711777241432,2.4779314571463686,3.0036624527585367,0.31785253722225215,0.31,3.6423659078201127,2.129866833191123,0.5847481793683403,0.8704711777241432,0.56,2.8223755825478807,2.0452304429757686,0.7246485746342273,0.6204711777241432,0.30999999999999994,0.5499999999999998,False,False
91,2,354,1.0893093540530352,2.2334644543170143,2.3174016314276846,0.3074233429514481,0.32,3.6391298552042906,2.210084999752453,0.607311386976705,0.7693093540530351,0.545,2.683552745289763,2.0410530259638153,0.7605786879152352,0.5443093540530352,0.30999999999999994,0.5699999999999998,False,False
92,3,1025,1.1562721448371867,2.7941461740542266,2.552071654404859,0.31134927707211013,0.32,3.6505888809658966,2.2137359034187147,0.6064051514979112,0.8362721448371866,0.575,2.827503824585054,2.1123756300398835,0.7470814404114491,0.5812721448371867,0.3299999999999999,0.5699999999999998,False,False
93,2,620,1.1630026993551343,2.3310110258341123,2.573961048120327,0.31784973127718025,0.3,3.628641826589381,2.0421840109327722,0.5627956983707741,0.8630026993551343,0.555,2.7141846385080206,1.9277529161433546,0.7102512072292306,0.6080026993551343,0.30999999999999994,0.5299999999999998,False,False
94,4,641,1.0990602226605197,2.2501398257466327,2.872953270359787,0.31970179680503696,0.3,3.630690236028765,2.1982740678655195,0.6054700139524939,0.7990602226605197,0.54,2.74007629370011,2.0695078779037215,0.755273815791868,0.5590602226605197,0.30999999999999994,0.5299999999999998,False,False
95,3,612,1.1647679814025413,2.60071788272544,2.6305373338138995,0.33141318545568316,0.275,3.61401899658407,1.9621572201746746,0.5429294151550624,0.8897679814025413,0.525,2.7174107722034524,1.871115264560768,0.6885654843575771,0.6397679814025413,0.2899999999999999,0.5099999999999998,False,False
96,2,871,1.119995543445611,2.464893851565234,2.7753609223854023,0.3236256516895091,0.295,3.625625314525172,2.1493689667176032,0.5928271071218219,0.8249955434456111,0.555,2.7461313243867274,2.0414099985098,0.7433766842762672,0.564995543445611,0.2899999999999999,0.5499999999999998,False,False
97,2,838,1.0951965121266634,2.198022564412296,2.7226427209072552,0.33303065648072844,0.275,3.6028279545642112,2.016982129841754,0.559833040955108,0.8201965121266633,0.515,2.639812498411012,1.8864180800158135,0.7146030565243967,0.5801965121266633,0.2699999999999999,0.5099999999999998,False,False
98,4,54,1.1473894461094811,2.4403314274276764,2.60597161565797,0.33352769822439027,0.275,3.606145488780649,1.9266830254983058,0.5342776744567169,0.8723894461094811,0.505,2.6665943653637765,1.826325329694936,0.6848905680657541,0.6423894461094811,0.2699999999999999,0.5299999999999998,False,False
99,4,1102,1.0903555643552099,2.345936587504973,2.6928629949010428,0.31606183434521823,0.315,3.6354031811080314,2.2294480889559036,0.6132602019334736,0.7753555643552099,0.55,2.7484826932167783,2.0914863012692715,0.7609603314698085,0.5403555643552098,0.30999999999999994,0.5499999999999998,False,False
100,3,292,1.1054033298843682,2.3991472265512375,2.8101101734179568,0.31964940355619914,0.305,3.633985153002289,2.1972911946705476,0.604650570147545,0.8004033298843682,0.525,2.765331205847419,2.08119843027093,0.7526036757803699,0.5804033298843682,0.30999999999999994,0.5299999999999998,False,False
101,3,855,1.1398190749451294,2.200083361143931,2.534592008097605,0.2847132181027262,0.35,3.6780030554423093,2.3650706378010096,0.6430311781012349,0.7898190749451294,0.59,2.813124134158872,2.2145481323936704,0.7872201960457829,0.5498190749451294,0.34999999999999987,0.6099999999999998,False,False
102,3,130,1.0904377984575493,2.2994465416592513,2.671295167167108,0.323925217830017,0.29,3.621874226881107,2.151092827568204,0.5939170420670759,0.8004377984575493,0.535,2.701952071072384,2.0164129933356514,0.746280074662965,0.5554377984575493,0.2899999999999999,0.5299999999999998,False,False
103,1,37,1.1539256003291805,2.640439550772016,2.960727051238357,0.300440870538703,0.34,3.6731265342609776,2.3950388614608005,0.6520436579358613,0.8139256003291804,0.6,2.922727280179631,2.3028680145134213,0.7879175146207574,0.5539256003291805,0.3299999999999999,0.5699999999999998,False,True
104,4,1022,1.085122758380114,2.4556883666484586,3.04089504523668,0.33608228787241323,0.28,3.611531787305357,2.11858566576792,0.5866169233827077,0.8051227583801139,0.52,2.743920347936006,2.0170863080755828,0.7351111010175087,0.5651227583801139,0.2699999999999999,0.5299999999999998,False,False
105,4,77,1.0779495009286273,2.38867967508065,2.747371952793374,0.3191616388942968,0.3,3.6323482264323417,2.2464702442300943,0.6184622465111381,0.7779495009286272,0.54,2.7523871767034356,2.116037171768692,0.7688006940589998,0.5379495009286273,0.2899999999999999,0.5699999999999998,False,True
106,1,101,1.0594993953890461,2.5197989762177126,2.541695212451912,0.3327590031882134,0.28,3.606914724676436,2.1283827500154286,0.5900840226286078,0.7794993953890461,0.52,2.6681325459617926,1.9918874940026539,0.7465474295935437,0.5394993953890461,0.2699999999999999,0.5299999999999998,False,False
107,3,546,1.0654356635865354,2.5125427396166153,2.3344804849977243,0.3535777842580251,0.225,3.5654824927749686,1.8395503888280142,0.5159330869119809,0.8404356635865354,0.455,2.5112734156975383,1.7081786454661327,0.6802041684464152,0.6104356635865353,0.22999999999999995,0.44999999999999984,False,False
108,4,152,1.2225172187776459,2.8401358091090283,2.7460111164578604,0.30052843201110346,0.34,3.676396264258157,2.252704541985077,0.6127480228085912,0.8825172187776458,0.61,2.9289228336130493,2.1821854664914615,0.7450471010871835,0.6125172187776459,0.34999999999999987,0.5899999999999997,False,False
109,3,64,1.1733439990765138,2.339635477908093,2.8746908657851815,0.3457717143404504,0.25,3.5876984233528564,1.7883787332879528,0.49847521231080427,0.9233439990765138,0.49,2.625111892018819,1.7073106749063407,0.6503763439939882,0.6833439990765138,0.24999999999999994,0.4899999999999999,False,False
110,1,1196,1.0543711873748016,2.214093351107144,2.775478298958699,0.32663817471056283,0.29,3.6176722404876314,2.1905050357882634,0.605501242283077,0.7643711873748016,0.525,2.685534744461189,2.039715829791689,0.759519434257376,0.5293711873748016,0.2899999999999999,0.5099999999999998,False,False
111,4,241,1.1356096202350685,2.263240272996775,2.6252669548297547,0.31845899411487444,0.3,3.626801022301709,2.0881614504838204,0.5757584818255599,0.8356096202350685,0.545,2.6958032174476556,1.9661037144360143,0.7293201898829583,0.5906096202350685,0.30999999999999994,0.5699999999999998,False,False
112,1,1066,1.119520423010899,2.5730428638876064,2.6175850368506297,0.3055460191030514,0.32,3.6560533000199373,2.3098871567105306,0.6317979983218336,0.799520423010899,0.595,2.8208403675187186,2.1868365310849343,0.7752429227353018,0.5245204230108991,0.3299999999999999,0.5899999999999997,False,False
113,2,206,1.181580289193135,2.2570631506799423,2.9450981428882836,0.31204413779727697,0.315,3.6455823394215905,2.117362361089032,0.5808022323876447,0.8665802891931351,0.58,2.7884936186211533,2.0195690760110083,0.7242509226216696,0.6015802891931351,0.30999999999999994,0.5499999999999998,False,True
114,1,457,1.0720989801235674,2.517137037881295,2.384755349434699,0.3072551798471335,0.325,3.6463420694724054,2.328580515537653,0.6386072593223758,0.7470989801235675,0.565,2.7591315900364792,2.174282806988624,0.788031572992094,0.5070989801235675,0.3299999999999999,0.5699999999999998,False,False
115,1,899,1.138932359372279,2.7519972847252703,2.6281549658868837,0.35354405039277875,0.235,3.573939255864381,1.8008340441881248,0.5038793094295558,0.9039323593722791,0.48,2.608207257982502,1.7226377163792703,0.6604681093141974,0.6589323593722791,0.22999999999999995,0.44999999999999984,False,True
116,2,638,1.1382289548444149,2.2279066805141112,2.5670682279128716,0.32791838187837286,0.285,3.611587292012158,1.9617695691483152,0.5431876376038902,0.853228954844415,0.52,2.6544880452417945,1.8418637980332557,0.6938678067640279,0.6182289548444149,0.2899999999999999,0.5299999999999998,False,False
117,2,1057,1.130706700121032,2.642248075372521,2.767050748367987,0.32734075853569466,0.295,3.6231202307997075,2.1174734551086205,0.5844336704888329,0.8357067001210321,0.54,2.7647658363475958,2.0206106596022035,0.730843326055974,0.590706700121032,0.2899999999999999,0.5299999999999998,False,False
118,2,504,1.2603681972485516,2.459888653071953,2.9257010594861685,0.3063727792020137,0.33,3.659857125046157,2.0772537110548184,0.5675778152210301,0.9303681972485516,0.59,2.8577463843765294,2.009838219036605,0.7032948165115389,0.6703681972485517,0.3299999999999999,0.5699999999999998,False,False
119,2,1140,1.118394556793843,2.616306151887104,2.992848697374494,0.33779837785437644,0.28,3.610900610383695,2.0597444955431317,0.5704240348294335,0.8383945567938429,0.525,2.745107032732928,1.9705374400295175,0.7178362870855796,0.5933945567938429,0.2699999999999999,0.5299999999999998,False,False
120,4,1170,1.075392650869351,2.5886081704200223,2.675121268552896,0.3190198572988381,0.31,3.6347534834227986,2.2754127229528534,0.6260156935897968,0.7653926508693509,0.54,2.769702672220166,2.1462257706845898,0.7748939235286929,0.535392650869351,0.2899999999999999,0.5299999999999998,False,False
121,1,641,1.1713810581017012,2.5005410682168563,2.8825892714298966,0.31229588656455404,0.315,3.6512030448949058,2.1804041806856995,0.5971741789967911,0.8563810581017013,0.575,2.8312903672475613,2.087822149093557,0.7374101128042311,0.5963810581017013,0.3299999999999999,0.5699999999999998,False,False
122,2,713,1.2286883213227195,2.4164838563626487,2.8296919770448716,0.31849914666990914,0.31,3.6379219193325762,1.9790603634945256,0.5440084771961268,0.9186883213227195,0.545,2.7836405422151493,1.9026195623867719,0.6835004496926591,0.6836883213227195,0.30999999999999994,0.5499999999999998,False,False
123,1,656,1.0769134543753358,2.5064123372640132,2.8792414007941494,0.34898050030349015,0.245,3.5851447181139156,1.9759524172822955,0.5511499737510767,0.8319134543753358,0.48,2.6372968071910465,1.872568380198084,0.7100332336854168,0.5969134543753358,0.24999999999999994,0.46999999999999986,False,False
124,4,1246,1.1796259329175562,2.3171468617962407,2.7803866177114958,0.30245843237085834,0.32,3.658449232580795,2.1990987461356095,0.6011013427632806,0.8596259329175562,0.575,2.8114648141959155,2.0937021592384384,0.7447015337580318,0.6046259329175563,0.3299999999999999,0.5699999999999998,False,False
125,3,1016,1.157050905160077,2.3156354070767424,3.020284507966558,0.3310545591956884,0.28,3.615492798801049,1.997714264428566,0.552542730852911,0.877050905160077,0.54,2.727651808637248,1.9065502925183362,0.6989712860274716,0.617050905160077,0.2899999999999999,0.5299999999999998,False,False
126,4,977,1.1795085265588183,2.5935229531396975,2.560227408457759,0.3208601282776306,0.295,3.630286711463125,2.0325242080605843,0.559879802783238,0.8845085265588184,0.555,2.7482377765831614,1.9399147681451336,0.7058758833294977,0.6245085265588183,0.30999999999999994,0.5699999999999998,False,False
127,1,95,1.1679720753876945,2.471117971814352,2.4551346241813254,0.3436858070719904,0.255,3.584415202829755,1.766608043031473,0.4928580934588173,0.9129720753876945,0.48,2.575171290967165,1.6675773522236879,0.6475597790612952,0.6879720753876946,0.24999999999999994,0.4899999999999999,False,False
128,3,1227,1.1037010655571575,2.40964893176007,2.498758769614475,0.30229150652456005,0.33,3.6554272929263862,2.3107213070677153,0.6321343913854311,0.7737010655571575,0.575,2.7972246619246253,2.169866166546415,0.7757210910093445,0.5287010655571576,0.3299999999999999,0.5699999999999998,False,False
129,2,4,1.1089285300217804,2.7314529841120216,2.2683205426248203,0.3600526492426863,0.2,3.5523938295930404,1.7074523077350738,0.48064837110998987,0.9089285300217804,0.45,2.4862658723810744,1.6032051423584872,0.6448244977207976,0.6589285300217804,0.20999999999999996,0.4299999999999998,False,False
130,2,816,1.165414719451081,2.33479478809391,2.415126128129885,0.32432906524349914,0.29,3.6128823385206696,1.9345998971633942,0.535472710123058,0.8754147194510811,0.54,2.6359053082078487,1.819362063453823,0.6902228459378181,0.6254147194510811,0.2899999999999999,0.5099999999999998,False,True
131,1,1053,1.0688647322278453,2.3928627418395663,2.5180967481093,0.3100473338898424,0.315,3.642393066301047,2.3164972794650436,0.6359822340144942,0.7538647322278453,0.57,2.7435656042862298,2.159257273459993,0.7870259308130336,0.49886473222784533,0.30999999999999994,0.5499999999999998,False,False
132,2,629,1.087712328872196,2.3463243534374185,2.5981962939715273,0.31654531618029264,0.3,3.6316272901378333,2.2198477644253845,0.611254291004387,0.7877123288721959,0.555,2.72111030038492,2.076945112888805,0.7632711958037888,0.5327123288721959,0.30999999999999994,0.5699999999999998,False,False
133,2,364,1.0783924707678452,2.515452302208338,2.4671009280550247,0.31826761081908905,0.3,3.6329521515091834,2.2117814804855307,0.6088110683116823,0.7783924707678451,0.54,2.730906711301171,2.069337027389938,0.757747241539415,0.5383924707678451,0.30999999999999994,0.5499999999999998,False,False
134,2,12,1.1519831323584595,2.475642873326556,2.7385170075594774,0.3451442380990174,0.255,3.5884592823183707,1.8340385574295182,0.5110935956460438,0.8969831323584595,0.49,2.6307165254703566,1.7480449544537193,0.6644748446019585,0.6619831323584595,0.24999999999999994,0.4899999999999999,False,False
135,3,178,1.0482302659165814,2.2768391480766077,2.611526317864648,0.3374187371984765,0.275,3.5944501316817585,2.070403621096504,0.5760000960502437,0.7732302659165814,0.505,2.6062322163692286,1.924393260706206,0.7383813493745771,0.5432302659165814,0.2699999999999999,0.4899999999999999,False,False
136,4,178,1.2433933778328838,2.371136315875926,2.6134633606225157,0.3233794011207113,0.295,3.6225771094809125,1.8371787165226958,0.5071468904594137,0.9483933778328839,0.52,2.6969172114185693,1.7552561384765115,0.6508379756875269,0.7233933778328838,0.30999999999999994,0.5499999999999998,False,True
137,2,614,1.0985140886441778,2.684994042561421,2.7478333070545164,0.3656016053250112,0.195,3.5462908400678836,1.7474241709632337,0.4927469995466543,0.9035140886441777,0.435,2.5245126037478998,1.663806904690683,0.6590606449025407,0.6635140886441777,0.18999999999999997,0.4299999999999998,False,False
138,4,1113,1.1558103009038203,2.4605127729874394,2.433157178957314,0.33591074090975503,0.275,3.597394461206516,1.8705860640463683,0.5199835837349346,0.8808103009038203,0.505,2.6186436913576108,1.7659139480695063,0.6743620576933035,0.6508103009038203,0.2699999999999999,0.5099999999999998,False,False
139,4,917,1.1762887607673065,2.4965736065302897,2.5040509975151477,0.318485336955836,0.305,3.629470141822206,2.0295317020680907,0.5591812641415331,0.8712887607673065,0.53,2.7248146254762795,1.9252407837736758,0.706558444663793,0.6462887607673065,0.30999999999999994,0.5299999999999998,False,False
140,4,985,1.181028466420064,2.2255110310578416,2.5148856246035156,0.3199313321345802,0.31,3.6220899872027714,1.951620353805753,0.5388105653644816,0.871028466420064,0.535,2.6695097764354645,1.8388428034444375,0.6888316423024314,0.6460284664200641,0.2899999999999999,0.5499999999999998,False,False
141,1,1217,1.0789144942757949,2.254354909839062,2.6230841850805775,0.3187569348632701,0.305,3.6285526836224657,2.2000413984439713,0.6063137537933225,0.773914494275795,0.54,2.7086855998903294,2.050831914128692,0.7571317668657178,0.5389144942757949,0.30999999999999994,0.5699999999999998,False,True
142,2,880,1.1274726156487027,2.3389041037332587,2.5927408852871245,0.2940285665678026,0.345,3.668131687007487,2.3489929829149485,0.6403785859801805,0.7824726156487027,0.605,2.8196007692115086,2.211356767254708,0.7842800978782206,0.5224726156487027,0.3299999999999999,0.5899999999999997,False,False
143,3,393,1.1990614476530417,1.994192074642403,2.5658129605680013,0.3310963967647298,0.275,3.6010243363618137,1.7502538353766688,0.4860433232020267,0.9240614476530417,0.51,2.5833724617707428,1.6441765796828933,0.6364458102785192,0.6890614476530417,0.2699999999999999,0.4899999999999999,False,False
144,3,1015,1.1847804301547005,2.7976339427932784,3.132872358125036,0.3458283151208342,0.265,3.599163164070399,1.9173924848241433,0.5327328596727768,0.9197804301547005,0.51,2.754949927333564,1.8597155061146586,0.6750451206620017,0.6747804301547005,0.2699999999999999,0.5299999999999998,False,False
145,1,821,1.1691137210432163,2.554892800754461,2.6849694654141736,0.32731129460459607,0.285,3.621564879169982,1.995425367659661,0.5509842938716005,0.8841137210432164,0.54,2.724657859052338,1.9041332043240558,0.698852223958252,0.6291137210432163,0.2899999999999999,0.5099999999999998,False,True
146,4,592,1.0909549817020556,2.5170502877746874,2.808212703589656,0.331461583990734,0.285,3.61550609008486,2.127843032580341,0.5885325538285563,0.8059549817020557,0.525,2.725138712654126,2.0153892884254456,0.7395547533294458,0.5659549817020556,0.2899999999999999,0.5299999999999998,False,False
147,4,101,1.066250715703199,2.250016827245292,2.5767629451205463,0.3097906759505823,0.31,3.6405541478446803,2.304003937898614,0.6328717674100948,0.756250715703199,0.565,2.7295551055964515,2.1392827936192798,0.7837477943687867,0.5012507157031991,0.30999999999999994,0.5499999999999998,False,False
148,1,944,1.222551063394849,2.5321707356896717,2.848406277671498,0.34370839145998877,0.265,3.593596974945184,1.7585968532179888,0.4893695273785715,0.9575510633948491,0.51,2.6652360585226864,1.6943240520571172,0.6357125653613827,0.7125510633948491,0.24999999999999994,0.4899999999999999,False,False
149,2,936,1.1628387336227204,2.592529274654921,2.747402300296829,0.31543494649499154,0.315,3.6423154541462486,2.1647693106342434,0.5943387764972325,0.8478387336227204,0.58,2.8045923456365216,2.0671997166994993,0.7370767163062816,0.5828387336227204,0.3299999999999999,0.5699999999999998,False,False
150,1,742,1.0326836474643823,2.391634694031836,2.4033402578696137,0.3349411193124849,0.27,3.600462019770498,2.1100601350215586,0.5860526019813588,0.7626836474643823,0.49,2.6138839491308925,1.9482359549773482,0.7453414125845679,0.5426836474643824,0.2699999999999999,0.4899999999999999,False,False
151,4,534,1.1929981165276362,2.4320588821007547,2.8598147279477706,0.3296235645843655,0.285,3.6198229261849053,1.9418068985057546,0.5364369854832409,0.9079981165276363,0.515,2.7301639349425155,1.861357712217689,0.6817750715972594,0.6779981165276362,0.2899999999999999,0.5299999999999998,False,False
152,2,828,1.040739389429356,2.4265531377544596,2.6149651902186584,0.33352209332272575,0.27,3.6059644034240685,2.1597497368677003,0.5989381744359137,0.7707393894293559,0.52,2.655472718523033,2.012746832434435,0.7579617814917412,0.5207393894293559,0.2699999999999999,0.5299999999999998,False,False
153,1,1226,1.1901661652390172,2.2795492874889467,2.7157739899932563,0.3260668215871162,0.285,3.6195692535527204,1.9121156919419744,0.528271614105787,0.9051661652390173,0.535,2.696556603059886,1.8187499486786673,0.6744712670280543,0.6551661652390172,0.2899999999999999,0.5099999999999998,False,False
154,2,1051,1.0905138225256628,2.364710887513199,2.7125256721551523,0.3114803505601749,0.33,3.6432631139692986,2.288856471972104,0.6282435279505295,0.7605138225256627,0.57,2.7707902525001953,2.152142873358081,0.776725293953996,0.5205138225256628,0.3299999999999999,0.5699999999999998,False,False
155,2,421,1.161910274837934,2.2620857493131608,2.8560492418328867,0.3243568725215279,0.29,3.6241908453875724,2.0138511831701047,0.5556691877120898,0.8719102748379339,0.52,2.7195518546251183,1.913503685928669,0.7036099284793521,0.641910274837934,0.2899999999999999,0.5299999999999998,False,False
156,1,1193,1.1130303236054602,2.1261314753661162,2.9776200881387505,0.345679025551238,0.25,3.585888897605891,1.878741206754001,0.5239262175714193,0.8630303236054602,0.495,2.608952698452054,1.7716838153672525,0.6790785499554781,0.6180303236054602,0.24999999999999994,0.5099999999999998,False,False
157,4,606,1.1546066055471473,2.3512559479287103,2.8759326680492308,0.3318069615981128,0.285,3.6133310086629495,1.979892307225299,0.5479410279541269,0.8696066055471474,0.515,2.7057102169637504,1.8880341621905998,0.6977961462219273,0.6396066055471473,0.2899999999999999,0.5299999999999998,False,False
158,4,450,1.1014441077681945,2.3544024638728454,2.6771504370528545,0.3058625647908473,0.325,3.653478610935725,2.3113268412330683,0.632637299234412,0.7764441077681945,0.565,2.793996502182246,2.1723290909774113,0.7774988584562356,0.5364441077681945,0.3299999999999999,0.5699999999999998,False,False
159,4,1019,1.2297415946981998,2.4274913644026914,2.6608975200999874,0.3126029674646877,0.31,3.643235822118567,1.9960037425831267,0.547865644728547,0.9197415946981997,0.555,2.7737509618360594,1.9124757688056968,0.6894907996858344,0.6747415946981997,0.30999999999999994,0.5299999999999998,False,False
160,1,894,1.1873443440307487,2.152267208958354,2.3339164105968324,0.3551085258462578,0.22,3.557050343271905,1.5106294531835798,0.42468599187551775,0.9673443440307488,0.435,2.4445597510107984,1.4124248685404612,0.5777829189719904,0.7523443440307487,0.20999999999999996,0.4299999999999998,False,False
161,3,804,1.1954523911468635,2.2649241332641785,2.5361380910778566,0.2992881878065795,0.33,3.6585706991946196,2.1361438145215352,0.5838738650019188,0.8654523911468635,0.565,2.7688323679238698,2.022384846797712,0.7304107212218629,0.6304523911468636,0.3299999999999999,0.5899999999999997,False,False
162,1,405,1.2197345511664068,2.218472133996728,2.8127108967721752,0.32857492108218656,0.285,3.612708517033267,1.8490200453091452,0.5118099167401273,0.9347345511664069,0.515,2.6721900622220636,1.765109988851767,0.6605480702162282,0.7047345511664068,0.2899999999999999,0.5099999999999998,False,False
163,3,974,1.1391107254910557,2.2449889354226884,2.606491888148347,0.3225619755739068,0.295,3.620044923568608,2.025973870234004,0.559654344907084,0.8441107254910558,0.535,2.6761673482120294,1.9041768580622274,0.7115313096299544,0.6041107254910557,0.2899999999999999,0.5499999999999998,False,False
164,3,905,1.1164241407785291,2.4640154521616062,2.4437672026395774,0.3491820521118387,0.24,3.5755410632793394,1.788914242190201,0.5003198706238552,0.8764241407785291,0.465,2.5525957631528935,1.6781073333478553,0.6574120969609011,0.6514241407785291,0.22999999999999995,0.4899999999999999,False,False
165,3,926,1.082633444135969,2.128146188449597,2.876227708634147,0.3348897450222207,0.275,3.604496122770259,2.0381429844953987,0.5654446322247589,0.807633444135969,0.49,2.6454610559616962,1.9055783216942903,0.7203199296394712,0.5926334441359691,0.2699999999999999,0.5099999999999998,False,False
166,4,353,1.151360039191565,2.3936974578069936,2.8489720364548097,0.3351744205588255,0.28,3.6067626023723047,1.9474269428689415,0.5399376553333576,0.871360039191565,0.525,2.694651564831187,1.8565238744719934,0.6889662094729119,0.626360039191565,0.2699999999999999,0.5099999999999998,False,False
167,4,198,1.1489803532812881,2.529806861925659,2.4683812323311014,0.3123953771685416,0.315,3.641792134742846,2.1373786962512766,0.5869029909369611,0.8339803532812882,0.56,2.756445494754116,2.021720610824028,0.7334520543473949,0.5889803532812881,0.3299999999999999,0.5499999999999998,False,False
168,1,578,1.1858585782785518,2.628991990483967,2.7725152196845473,0.3385561447399296,0.275,3.6040150944852054,1.883449982250671,0.5225976953128443,0.9108585782785518,0.515,2.700991808320032,1.8109509514344178,0.6704762842508569,0.6708585782785518,0.2699999999999999,0.5099999999999998,False,False
169,4,531,1.1535786612315024,2.3194612376087336,2.2587720527297144,0.3371653793890143,0.26,3.5897253752865352,1.7839439248091187,0.4969583292055378,0.8935786612315024,0.495,2.556365242422014,1.6640847684719873,0.6509573596358865,0.6585786612315024,0.24999999999999994,0.5099999999999998,False,False
170,2,784,1.1077603283907453,2.8391207918131918,2.781621651277368,0.3288980255319541,0.295,3.6276024855309164,2.190917925677114,0.6039575544497574,0.8127603283907454,0.545,2.8055580680683634,2.096427334844897,0.7472407570905473,0.5627603283907453,0.2899999999999999,0.5299999999999998,False,False
171,2,782,1.137443102397586,2.56019487856339,2.6180585195391464,0.31509827115108197,0.315,3.640425166574185,2.180842514076819,0.5990625859036944,0.822443102397586,0.565,2.783527441086492,2.0719098439244723,0.7443468360835507,0.572443102397586,0.30999999999999994,0.5699999999999998,False,False
172,3,1102,1.1220888351536829,2.4664931412466147,2.7293924054537224,0.3374138859439809,0.265,3.6028617304917514,1.9711071898875898,0.5470948755001361,0.8570888351536828,0.515,2.6659360367853937,1.8687272866313862,0.7009647871689795,0.6070888351536828,0.2699999999999999,0.5299999999999998,False,False
173,4,1212,1.1710397165630055,2.6084070298894018,2.7574270986166427,0.34757077764388217,0.24,3.5854124297960177,1.8024378992254164,0.50271424404248,0.9310397165630055,0.5,2.6367690326586626,1.729186823384425,0.6557976075898011,0.6710397165630055,0.24999999999999994,0.4899999999999999,False,False
174,1,364,1.166868613192684,2.3561673389332216,2.7184179444816747,0.3052541535169439,0.33,3.6538590684950436,2.1946893340637024,0.6006496947260896,0.8368686131926839,0.585,2.801196375409971,2.085272479347244,0.7444220968057095,0.581868613192684,0.3299999999999999,0.5699999999999998,False,False
175,2,812,1.0918100867686185,2.5277142642900596,2.696546194516369,0.3281075410647654,0.29,3.6195095137973374,2.140033319366851,0.5912495356647584,0.8018100867686184,0.525,2.726575168639696,2.0238875753115657,0.7422819655184107,0.5668100867686184,0.2899999999999999,0.5499999999999998,False,False
176,2,787,1.1395702462433588,2.2381808909208454,2.691885173588149,0.33496419518365966,0.265,3.601514603502337,1.912943831908995,0.5311498195922153,0.8745702462433588,0.52,2.6352354197827927,1.799920990185825,0.6830209463161292,0.6195702462433588,0.2699999999999999,0.5099999999999998,False,False
177,2,252,1.0966854878742294,2.5801908262436033,2.83669560055482,0.3178688766093246,0.315,3.6400236605787244,2.2854796185398336,0.6278749347954697,0.7816854878742294,0.555,2.810198906766613,2.172315498423127,0.7730112958169825,0.5416854878742293,0.30999999999999994,0.5499999999999998,False,False
178,3,767,1.2131269799949131,2.2947019351602393,2.7668256619037606,0.309963208936709,0.32,3.6476906531210194,2.054103302935304,0.5631243157030824,0.8931269799949131,0.555,2.787163935362166,1.9617225374062306,0.7038418201803128,0.6581269799949131,0.3299999999999999,0.5699999999999998,False,False
179,2,2,1.1860083406530766,2.6241999170949732,2.6490139337089813,0.3303117252644746,0.28,3.6183456584940474,1.9361158319895584,0.5350831608485321,0.9060083406530766,0.515,2.7237838537273955,1.8555802658788298,0.681250923541359,0.6710083406530766,0.2899999999999999,0.4899999999999999,False,False
180,4,656,1.113091137886688,2.370368808783513,2.7942896391214984,0.31737876038133395,0.315,3.6367955802012224,2.2005842652261465,0.6050887977334126,0.798091137886688,0.565,2.7650404544749976,2.079988557750774,0.7522452535493571,0.548091137886688,0.30999999999999994,0.5499999999999998,False,False
181,2,1067,1.1584078530374406,2.7881700891727923,2.7632207844043304,0.35471588381047714,0.235,3.577324581584448,1.7801943896941381,0.4976328955047363,0.9234078530374407,0.48,2.6397963571377643,1.7128379450896027,0.648852302738523,0.6784078530374407,0.22999999999999995,0.4899999999999999,False,False
182,3,454,1.0793402687373443,2.6416741385328635,2.7508718892012443,0.37528595229524264,0.15,3.5069696254920193,1.6559806203748617,0.4721970239883477,0.9293402687373443,0.415,2.441617243005544,1.5701490747008564,0.6430774844823993,0.6643402687373443,0.15,0.4099999999999999,True,False
183,2,937,1.1162599637936317,2.5567885889914104,2.5207548514867826,0.32310563532708375,0.295,3.6239249841459387,2.114549996174506,0.5834971765213977,0.8212599637936318,0.54,2.723452691090734,1.996482984972168,0.7330705583773452,0.5762599637936316,0.2899999999999999,0.5499999999999998,False,False
184,2,823,1.064970713967384,2.5727212309762373,2.5998599908547604,0.307661929107001,0.325,3.6520243652127533,2.3973600105105803,0.6564468828156131,0.7399707139673841,0.595,2.810377944888778,2.2558643602183053,0.8026907428308837,0.4699707139673841,0.3299999999999999,0.5899999999999997,False,False
185,3,398,1.1717317103224456,2.81675118570269,2.596826950711274,0.34601781551626015,0.25,3.5911602383213226,1.8171908367047835,0.5060177536255592,0.9217317103224456,0.47,2.657205169456467,1.7448803653566802,0.6566600070681018,0.7017317103224456,0.24999999999999994,0.4899999999999999,False,False
186,1,1200,1.1230580655590758,2.4565300521500197,2.8452493984788427,0.33674790353825007,0.28,3.6056735234262955,2.000487456786289,0.5548165810878305,0.8430580655590758,0.515,2.6936091676102465,1.9020464000969237,0.7061330288626867,0.6080580655590758,0.2699999999999999,0.4899999999999999,False,False
187,1,354,1.091242000630963,2.5746251665193833,2.6782390090246606,0.3361571470983651,0.275,3.604936202356074,2.0594139898522297,0.5712761264696614,0.8162420006309631,0.51,2.6783510483136777,1.944528742448652,0.7260171304553041,0.5812420006309631,0.2699999999999999,0.5099999999999998,False,False
188,1,334,1.0801720126930305,2.2500905171512393,2.891159960147274,0.33016975802058035,0.285,3.6138696216466237,2.1219608407041735,0.5871713876986306,0.7951720126930306,0.51,2.6926204044634323,1.9942656367656049,0.7406412108664864,0.5701720126930305,0.2899999999999999,0.5099999999999998,False,False
189,4,161,1.1251101865203823,2.1883083702940374,2.7984238367443233,0.319604883184766,0.31,3.628075369342506,2.1207480627566397,0.5845380392803058,0.8151101865203823,0.54,2.720199753033969,1.9978691425575859,0.7344567766868101,0.5851101865203823,0.2899999999999999,0.5499999999999998,False,False
190,1,689,1.2121782260866758,2.501050029439465,2.713182962192491,0.32602383422551007,0.295,3.622284617696451,1.9199311808962538,0.5300332203373934,0.9171782260866759,0.53,2.7278543140952096,1.840918280392365,0.6748594567092823,0.6821782260866758,0.2899999999999999,0.5299999999999998,False,False
191,4,1120,1.1005539362245327,2.218514049146451,2.4942363001438794,0.34358461501532106,0.25,3.58261748077475,1.8524783577663761,0.5170740018177361,0.8505539362245327,0.46,2.5510433184074968,1.721649959738425,0.6748807232380416,0.6405539362245327,0.24999999999999994,0.44999999999999984,False,False
192,2,468,1.0915233200281944,2.5229415438347607,2.6654070064526887,0.3661874141905026,0.19,3.538154436176027,1.7103760475382286,0.4834090988370683,0.9015233200281945,0.445,2.4746349411495014,1.615788366423118,0.6529400921141777,0.6465233200281943,0.18999999999999997,0.4299999999999998,False,False
193,3,949,1.1288625308900218,2.3353405891243204,2.7188915698085765,0.3212289965448145,0.3,3.627071701378332,2.100929918046048,0.5792358384444588,0.8288625308900217,0.535,2.7167842644432083,1.9842655500555992,0.7303728809185608,0.5938625308900217,0.30999999999999994,0.5499999999999998,False,False
194,3,1062,1.0399416769433285,2.5327066112046124,2.870477025799756,0.27866733542094435,0.365,3.7053851536381504,2.7635402870915255,0.7458172828209586,0.6749416769433285,0.62,2.978032452656481,2.6045342127781397,0.8745822129825445,0.4199416769433285,0.3699999999999999,0.6499999999999998,False,True
195,3,406,1.1319717720212967,2.301266226998547,2.6051277290525436,0.34168886161128353,0.26,3.58796152004344,1.8517753469187164,0.5161079171485364,0.8719717720212967,0.49,2.5896126509216497,1.7432739299138826,0.6731794151891585,0.6419717720212967,0.24999999999999994,0.4899999999999999,False,False
196,3,4,1.1183080060452246,2.4865757700024695,2.8346932410100605,0.3257639199936415,0.3,3.626311288985085,2.138149400781962,0.5896210309568811,0.8183080060452246,0.525,2.755979369650089,2.0322905741080235,0.73741138866582,0.5933080060452246,0.30999999999999994,0.5299999999999998,False,False
197,3,700,1.1348714738873802,2.3052460924967138,2.501653708176418,0.3191182680290668,0.305,3.6258373724087165,2.057091253439076,0.5673423935372228,0.8298714738873803,0.535,2.6935292489500724,1.9314611522412575,0.7170745047577017,0.5998714738873802,0.30999999999999994,0.5499999999999998,False,False
198,2,1244,1.2034023471850306,2.605557430008222,2.939388991482803,0.3350614388643717,0.275,3.611863331491293,1.915985611847738,0.530470130235147,0.9284023471850306,0.52,2.7372149975069773,1.8508944512168208,0.6761962260555321,0.6834023471850306,0.2899999999999999,0.5299999999999998,False,False
199,1,1216,1.0495716278037155,2.168974934879332,2.5504193286402628,0.3372529321741896,0.26,3.594033344872565,2.023610828765379,0.5630473160891419,0.7895716278037155,0.475,2.5817087368532197,1.8641873578895334,0.7220750084154516,0.5745716278037155,0.2699999999999999,0.4899999999999999,False,False
200,4,325,1.0284864293835665,2.4734185925811683,2.651838765269644,0.34238501784692765,0.26,3.5914242170988495,2.103645978085202,0.5857414359656253,0.7684864293835665,0.49,2.634738557242219,1.9624022100582799,0.7448185720986018,0.5384864293835665,0.24999999999999994,0.46999999999999986,False,False
201,1,319,1.1725892538288125,2.706427311646492,2.8426051148229394,0.3204447306156843,0.305,3.641113968739444,2.127212539780223,0.5842202573287386,0.8675892538288126,0.56,2.8244172099959384,2.0464929476321854,0.7245717595790773,0.6125892538288125,0.30999999999999994,0.5499999999999998,False,False
202,2,8,1.2370928979460147,2.460129038621905,2.594313657689321,0.3196635896243315,0.305,3.6284216487305705,1.911769942347485,0.526887480956446,0.9320928979460148,0.55,2.7242086189614194,1.831549743261908,0.6723235990495361,0.6870928979460147,0.2899999999999999,0.5499999999999998,False,False
203,2,1031,1.116467626892723,2.3483345414666275,2.6239596915568453,0.35944229867188693,0.215,3.555056007558234,1.6955010748073733,0.476926684474914,0.901467626892723,0.44,2.5041552944927368,1.5942169803869435,0.6366286403614924,0.676467626892723,0.20999999999999996,0.4299999999999998,False,False
204,2,332,1.1304553134397237,2.525949002600028,2.6825246635475892,0.33725337229414587,0.265,3.600744806876276,1.95801156059871,0.5437795971709884,0.8654553134397237,0.52,2.6685017199670846,1.8548928168603118,0.6951064722878243,0.6104553134397237,0.2699999999999999,0.4899999999999999,False,True
205,3,120,1.1125101144225211,2.5154510839975694,2.7408291870448855,0.3468018105464351,0.25,3.5856237736020082,1.9047251534720944,0.5312116590410336,0.8625101144225211,0.49,2.6262033618766747,1.8062573682903083,0.687782749238263,0.6225101144225211,0.24999999999999994,0.4899999999999999,False,False
206,4,599,1.1847904133885692,2.373715833115867,2.5810567902922563,0.295141101146524,0.34,3.6658125380131428,2.224316906127806,0.6067732277803212,0.8447904133885691,0.595,2.8133142763461683,2.1124915189038247,0.7508906973761399,0.5897904133885692,0.3299999999999999,0.5699999999999998,False,False
207,3,200,1.117930505993707,2.3369489604944014,2.7321663133759135,0.32407981670506725,0.3,3.6212524757093303,2.100460878479877,0.5800371259859308,0.817930505993707,0.54,2.707238307718466,1.9805453842060445,0.7315740836554413,0.577930505993707,0.2899999999999999,0.5099999999999998,False,True
208,2,479,1.1157945249886898,2.2133730452685683,2.4911940953590817,0.3253933914654401,0.29,3.611780913041067,2.0108432149266267,0.5567456230985854,0.8257945249886898,0.505,2.6240690213489195,1.8755270694100636,0.7147399912697178,0.6107945249886898,0.2899999999999999,0.5299999999999998,False,False
209,1,716,1.0690926807602412,2.4928887434582756,2.6493047490871033,0.3131235413144362,0.31,3.6446394694960706,2.3231067995792865,0.6374037319802425,0.7590926807602412,0.57,2.778502378449805,2.1835139059495945,0.785860009653053,0.49909268076024127,0.30999999999999994,0.5899999999999997,False,False
210,1,1052,1.184461970715831,2.518692916979331,2.805805586121773,0.3450971681696745,0.26,3.5905394973567657,1.7874039013514555,0.49780928539214847,0.924461970715831,0.485,2.649430726734901,1.7139283637018254,0.6469043883302555,0.699461970715831,0.24999999999999994,0.46999999999999986,False,False
211,3,825,1.174502603033178,2.3562674465600737,2.9532766044328356,0.3198582880051497,0.31,3.6360025043156883,2.0829648649026926,0.5728722305417432,0.8645026030331779,0.555,2.7829663335205446,1.9904773330633396,0.7152358650869196,0.619502603033178,0.30999999999999994,0.5299999999999998,False,False
212,1,181,1.0023659578951163,2.541417971943985,2.535126196250301,0.31707907475024216,0.3,3.6366416618305344,2.4117371793885014,0.663177019804182,0.7023659578951162,0.525,2.7505357148581573,2.2357278909996046,0.8128336159833863,0.47736595789511627,0.30999999999999994,0.5499999999999998,False,False
213,1,447,1.1601764781199875,2.5857771518109005,2.52374552592123,0.285306977663041,0.355,3.685601629165698,2.4052669972874465,0.6526117685247285,0.8051764781199875,0.6,2.8847183023496776,2.2860560805313197,0.7924711673473517,0.5601764781199875,0.34999999999999987,0.6099999999999998,False,False
214,2,1076,1.106624541050469,2.3833594875122377,2.8807415422571316,0.3555112246724452,0.22,3.5697871139793365,1.8072255177127818,0.5062558242298711,0.886624541050469,0.45,2.572017717992605,1.7114926182231645,0.6654280047335526,0.656624541050469,0.22999999999999995,0.46999999999999986,False,False
215,1,134,1.0972802198720948,2.5849112227309923,2.6411316767297954,0.33132078328753317,0.28,3.614263476572369,2.0920571187463444,0.578833594259811,0.8172802198720948,0.53,2.7101733312223883,1.9796709874181921,0.7304591793489782,0.5672802198720948,0.2899999999999999,0.5099999999999998,False,False
216,1,161,1.1238539066905981,2.3038601492491715,2.6217701599972534,0.3187033679296045,0.305,3.628337505844651,2.1135195275972034,0.5825035637375722,0.8188539066905982,0.535,2.7091466410929175,1.9891866157251719,0.7342484107551664,0.5888539066905981,0.30999999999999994,0.5499999999999998,False,False
217,4,397,1.0984704612416023,2.4372493770403407,2.9330958271234633,0.35829833968061153,0.215,3.563669384589311,1.8178034273792034,0.5100931739740198,0.8834704612416023,0.465,2.573332739390073,1.7291912568567667,0.6719656694169355,0.6334704612416022,0.20999999999999996,0.44999999999999984,False,False
218,2,1114,1.2502760736991612,2.696023388665759,2.7325755655697894,0.2984181454818022,0.34,3.6737212212099655,2.182685055496956,0.5941346455183864,0.9102760736991611,0.58,2.9067421366162884,2.1131601522412975,0.7269857637599761,0.6702760736991612,0.3299999999999999,0.5899999999999997,False,False
219,2,836,1.2860486655933565,2.4155099576646917,2.7758421672653184,0.3371397386474919,0.275,3.6013982278316043,1.6656379798701058,0.46249758413220066,1.0110486655933566,0.5,2.660698224956713,1.605175626677516,0.6032911254727622,0.7860486655933565,0.2699999999999999,0.5099999999999998,False,False
220,1,317,1.1948415627238056,2.561105516148253,2.446791429809214,0.3212200410115391,0.3,3.626733967693149,1.9639347823476256,0.5415160857791901,0.8948415627238056,0.53,2.7251013824967,1.8721526176507612,0.6870029238822377,0.6648415627238056,0.30999999999999994,0.5299999999999998,False,False
221,1,664,1.1706470914240201,2.690173664357175,2.769573353194673,0.3023123756862365,0.34,3.6694515151261102,2.30440808879276,0.6279979662610593,0.83064709142402,0.58,2.897842095775297,2.212732602235719,0.7635794253460585,0.5906470914240202,0.34999999999999987,0.5899999999999997,False,False
222,2,371,1.1158608369311376,2.385234432492821,2.7627335499118018,0.30283320209275333,0.33,3.660256750733676,2.3452993281478345,0.6407472174397967,0.7858608369311375,0.575,2.8275306254048638,2.2165185921564805,0.7839061307564459,0.5408608369311376,0.3299999999999999,0.5899999999999997,False,False
223,4,380,1.239811263978837,2.3821279720936417,2.850818687421326,0.34096450225041797,0.265,3.5975460262727994,1.729297930640448,0.48068820190524963,0.974811263978837,0.5,2.6640219672112053,1.662129871651727,0.6239174797014548,0.739811263978837,0.2699999999999999,0.5099999999999998,False,False
224,3,1113,1.0720866343612123,2.475909587430889,2.6482910988751813,0.33511588215419713,0.28,3.6025025136229156,2.0857809855552585,0.5789811326065276,0.7920866343612123,0.5,2.6631415800579483,1.9581099481677269,0.7352631804596433,0.5720866343612123,0.2699999999999999,0.5099999999999998,False,False
225,1,1093,1.097652102960598,2.544325547176654,2.7860264703555284,0.33050945105351714,0.3,3.617301888943688,2.130105440036231,0.5888658191750363,0.7976521029605979,0.525,2.7326169232600437,2.0206244691076205,0.7394466644439105,0.5726521029605979,0.2899999999999999,0.5299999999999998,False,False
226,4,86,1.1580932826347587,2.767024956076538,2.617276777212258,0.31503278797463663,0.31,3.6462255634319085,2.1716866096213745,0.595598536580204,0.8480932826347587,0.565,2.819216380237396,2.0790041106586226,0.7374404196968936,0.5930932826347588,0.30999999999999994,0.5499999999999998,False,False
227,2,602,1.1164790024702822,2.4864674051708784,2.4437152395366426,0.3362626747602968,0.26,3.600426117460476,1.930382212696902,0.5361538189425415,0.8564790024702822,0.5,2.6245559433172723,1.810621731955054,0.6898773625173875,0.6164790024702822,0.2699999999999999,0.4899999999999999,False,False
228,2,1024,1.0135457389041114,2.290722168327659,2.5061415321628755,0.31582946266504136,0.305,3.6286506095087225,2.360962792073518,0.6506448391274477,0.7085457389041114,0.56,2.697537175146986,2.1694425658696534,0.8042308316849953,0.4535457389041113,0.2899999999999999,0.5699999999999998,False,False
229,2,933,1.161957272767674,2.530972284503267,2.545617396962695,0.3252283031359485,0.29,3.6190885580748806,1.9985390814199873,0.5522216572901658,0.8719572727676739,0.52,2.6999922163262187,1.9002706170960588,0.7038059612192838,0.6419572727676739,0.2899999999999999,0.5099999999999998,False,False
230,3,442,1.076375231429727,2.713644649695107,2.5853705255313217,0.34122013616685964,0.265,3.5977608816256716,2.0409160029689932,0.5672739434664129,0.811375231429727,0.495,2.6703128528305764,1.9300427000447615,0.7227777441878707,0.581375231429727,0.2699999999999999,0.5099999999999998,False,False
231,2,1189,1.0651962940216706,2.57577620604884,2.848508006538189,0.32423918753047276,0.305,3.6290381524385773,2.286012682824818,0.6299224716854254,0.7601962940216707,0.545,2.7793247988578216,2.1655909751600917,0.7791788048845723,0.5201962940216706,0.2899999999999999,0.5299999999999998,False,False
232,4,853,1.125021436418744,2.2735085197813643,2.65891795567821,0.35556284237661423,0.22,3.56177723251979,1.7192825738480366,0.4827035666775053,0.9050214364187441,0.455,2.5097221428757717,1.6175287054717675,0.6445050939457059,0.670021436418744,0.22999999999999995,0.4299999999999998,False,False
233,3,1035,1.125659563273194,2.429243980782781,2.6548755414977765,0.3310305949377323,0.28,3.611444417312564,2.0065156457334905,0.5555992046048511,0.845659563273194,0.54,2.675977528275856,1.8962928653717255,0.7086355716124101,0.585659563273194,0.2899999999999999,0.5299999999999998,False,False
234,3,928,1.1266279294684647,2.320386009031805,2.4959636124155713,0.3225535133828004,0.295,3.620586014065238,2.0399643177917657,0.5634348444884116,0.8316279294684648,0.54,2.6788163827424225,1.9119322516891673,0.7137227709992716,0.5866279294684646,0.2899999999999999,0.5299999999999998,False,False
235,4,809,1.066402627723662,2.433886429336186,2.5728946712962393,0.3023789568707777,0.33,3.6557555327751596,2.4214252925086854,0.6623597422748154,0.7364026277236619,0.57,2.8008495306255226,2.266416501024864,0.8091889536524648,0.49640262772366206,0.3299999999999999,0.5899999999999997,False,False
236,4,167,1.1428522615359953,2.3055631346111998,2.6508420041271323,0.3400832709298402,0.255,3.5910269985129446,1.8513902212904205,0.5155600952198597,0.8878522615359953,0.49,2.6072937913235594,1.7461233520084454,0.6697071721718204,0.6528522615359953,0.2699999999999999,0.4899999999999999,False,False
237,2,80,1.1223977551011213,2.4769524170621504,2.7396659798517558,0.3090712331281424,0.32,3.6496233168158567,2.2756020401101655,0.6235169612231469,0.8023977551011212,0.585,2.807715698098433,2.158987236229157,0.7689479521346706,0.5373977551011213,0.30999999999999994,0.5699999999999998,False,False
238,3,1248,1.1055920562288328,2.3799696567843003,2.5390121660920415,0.34507901300271504,0.245,3.579956259262395,1.8721363352256641,0.522949499838692,0.8605920562288328,0.49,2.5677996649622403,1.7594765174975429,0.6852078616200832,0.6155920562288328,0.24999999999999994,0.46999999999999986,False,False
239,1,743,1.142689387682488,2.3983354391494465,2.6876825734005565,0.30115109399831735,0.33,3.661653446531049,2.2757972179599437,0.6215217390700838,0.8126893876824879,0.56,2.810974156738645,2.1535695475204455,0.7661292589111046,0.5826893876824879,0.3299999999999999,0.5899999999999997,False,True
240,4,565,1.0840013956249694,2.662764080598043,2.6505729846919537,0.3222371160493574,0.3,3.6311882370111834,2.234045138708043,0.6152380413489322,0.7840013956249694,0.54,2.7744924594035236,2.1147232293872027,0.7622018298228996,0.5440013956249694,0.2899999999999999,0.5699999999999998,False,True
241,1,1186,1.0945138901136473,2.4223573183085794,2.5427815714554796,0.3489461479705571,0.245,3.576758196152786,1.8596879630658278,0.5199367307150189,0.8495138901136473,0.475,2.563398612302536,1.7413251197375437,0.6793032934403531,0.6195138901136473,0.22999999999999995,0.46999999999999986,False,False
242,2,905,1.0247166216067534,2.416856737634707,2.7459863351221423,0.3415571873607928,0.265,3.594004452571505,2.122946358697594,0.5906910764060487,0.7597166216067534,0.49,2.6432349435853717,1.9830681389399232,0.7502428581887707,0.5347166216067534,0.2699999999999999,0.5099999999999998,False,False
243,4,413,1.13800198303636,2.1363535434010466,2.5743188792079357,0.3507464463644498,0.23,3.5728358610616837,1.6928430062947908,0.47380934140975484,0.9080019830363599,0.47,2.5259600412593266,1.5868616479252644,0.6282211998627376,0.6680019830363599,0.22999999999999995,0.46999999999999986,False,False
244,3,513,1.2081322479744812,2.7062799446990216,2.6578996310344216,0.3264428827822297,0.3,3.6255924423115946,1.9621049193039974,0.5411818759344623,0.9081322479744811,0.525,2.770668038045111,1.8881068679531126,0.6814626804896109,0.6831322479744811,0.2899999999999999,0.5299999999999998,False,False
245,2,632,1.1168168176106454,2.213665098260489,2.812266399838496,0.33530531822168713,0.27,3.6023685811632298,1.973628629609324,0.5478697099262468,0.8468168176106454,0.5,2.6442210757674034,1.8586197990037199,0.7028987916467283,0.6168168176106454,0.2699999999999999,0.5299999999999998,False,True
246,2,349,1.201392285869803,2.3439424267015725,2.5043096481393765,0.32272326958424463,0.285,3.618253212382918,1.9016213277171528,0.5255633633403944,0.916392285869803,0.545,2.671443588883306,1.802048982585077,0.6745599982286559,0.6563922858698029,0.30999999999999994,0.5299999999999998,False,False
247,4,707,1.1473672913685817,2.462019722021761,2.921358979151737,0.3589481650412958,0.225,3.562372285846046,1.7262959761720524,0.4845916815126091,0.9223672913685818,0.455,2.574708148528325,1.6467361592045264,0.6395816784693763,0.6923672913685817,0.22999999999999995,0.44999999999999984,False,False
248,1,284,1.239877086625615,2.2300663690155087,2.343185023751527,0.31860778785406646,0.295,3.6190948734470316,1.8146167608448813,0.5014007160073527,0.9448770866256151,0.55,2.6351422003258187,1.7129960131944517,0.6500582826166461,0.689877086625615,0.2899999999999999,0.5499999999999998,False,False
249,2,1185,1.2071240479256837,2.1835531718498933,2.482535906204316,0.3446981625720102,0.25,3.5790411147392867,1.6262138704023374,0.45437138559409873,0.9571240479256837,0.47,2.530427715176763,1.5326862589331132,0.6057024469580816,0.7371240479256838,0.24999999999999994,0.46999999999999986,False,False
250,4,986,1.155533004200497,2.437777704534836,2.867248997760883,0.35973145077502566,0.22,3.560505458929563,1.683951215127964,0.4729528530576191,0.935533004200497,0.445,2.560296670024822,1.609262620282405,0.6285453709810915,0.7105330042004969,0.20999999999999996,0.44999999999999984,False,False
251,3,1142,1.0892007940781627,2.282092412742518,3.1041792737719263,0.3422706654260276,0.265,3.596543184577453,2.0165462550172157,0.5606901270265531,0.8242007940781627,0.51,2.6735058548717134,1.9051476542827626,0.7126027612062887,0.5792007940781627,0.24999999999999994,0.5099999999999998,False,False
252,4,834,1.1019875138943354,2.396088402894744,2.6749751809744278,0.3340956867261259,0.27,3.605577271238525,2.021986458750864,0.5607940994303824,0.8319875138943353,0.53,2.662690797593244,1.9067057951733657,0.7160823167664835,0.5719875138943353,0.2699999999999999,0.5099999999999998,False,False
253,3,498,1.1221261493018417,2.5160706441245124,2.6093031538110116,0.3313266260256214,0.29,3.6130257522105094,2.017810552570682,0.5584821949680685,0.8321261493018417,0.51,2.6970605978881186,1.9083162002554086,0.7075540689555433,0.6121261493018417,0.2899999999999999,0.5099999999999998,False,False
254,2,851,1.1373369304639875,2.3313669525175182,2.74063272164121,0.31088888684153226,0.32,3.644712159342635,2.2062591200291943,0.6053315113990012,0.8173369304639875,0.575,2.7760673079236975,2.0850091215249145,0.7510657668759315,0.5623369304639876,0.30999999999999994,0.5499999999999998,False,False
255,2,734,1.1239736098653528,2.6275458410365844,2.7105138953197017,0.3335033100242803,0.275,3.6125075647063807,2.0472502413230442,0.5667116828555187,0.8489736098653528,0.52,2.72579172434042,1.950689797325618,0.715641543668433,0.6039736098653528,0.2899999999999999,0.5099999999999998,False,False
256,1,199,1.087737073625481,2.425339716160404,2.496395748521038,0.2936104227641936,0.34,3.669594925635642,2.4301405587698817,0.6622367340310555,0.7477370736254809,0.59,2.8244514697745697,2.2731511344870983,0.8048115390945368,0.49773707362548103,0.34999999999999987,0.5899999999999997,False,False
257,2,634,1.063983330831845,2.2152020210725767,2.6807497136225145,0.31457944613534594,0.315,3.6346067356992013,2.2785067829097994,0.6268922468365689,0.748983330831845,0.525,2.7198300462860594,2.117798594335823,0.7786510768302184,0.5389833308318449,0.30999999999999994,0.5299999999999998,False,False
258,3,121,1.0882668739142516,2.3749429105156885,2.671760741416782,0.32402239995865967,0.29,3.6222781170682867,2.151445411662862,0.5939481569692797,0.7982668739142516,0.52,2.7063486672873007,2.020570940379786,0.7466040738960283,0.5682668739142516,0.2899999999999999,0.5499999999999998,False,True
259,3,586,1.1523101148193702,2.41261877777473,2.955312741505247,0.34624438869638186,0.255,3.591463870397161,1.8463117753348226,0.5140833492863869,0.8973101148193702,0.48,2.654769840792484,1.764247371971486,0.6645575615868963,0.6723101148193702,0.24999999999999994,0.4899999999999999,False,False
260,1,846,1.162030407009572,2.3299050318116383,2.936122420518139,0.36022631681135453,0.21,3.5577631378781374,1.6517480674290443,0.46426588938524804,0.952030407009572,0.45,2.5411196787522687,1.57676330209184,0.620499426011315,0.712030407009572,0.20999999999999996,0.44999999999999984,False,False
261,3,740,1.1695066489288841,2.3839968986406053,2.618834048759641,0.3249721254484017,0.285,3.6212041068733125,1.9723806238522719,0.5446753526288529,0.8845066489288842,0.535,2.7033093791222425,1.8728081240879895,0.6927834966103974,0.6345066489288841,0.2899999999999999,0.5299999999999998,False,False
262,2,647,1.1711999933357884,2.3315551965033454,2.6741779539799095,0.33246724270216865,0.28,3.607313318011342,1.887021900102815,0.5231100638474903,0.8911999933357884,0.51,2.65711549477457,1.791424543453505,0.674198975158018,0.6611999933357884,0.2699999999999999,0.5099999999999998,False,False
263,3,232,1.041687450891057,2.2913269688871445,2.559913443158561,0.34287125329986173,0.26,3.5859106945525667,2.0186487110744866,0.5629389248709007,0.781687450891057,0.485,2.5773122261187287,1.8676503242780296,0.724650395614114,0.556687450891057,0.24999999999999994,0.46999999999999986,False,False
264,1,242,1.0475757190672124,2.5367642963688715,2.692355457067736,0.3098031286847902,0.32,3.65063542617201,2.4342821348412684,0.6668105276658131,0.7275757190672123,0.56,2.8155283524241965,2.2856573481861377,0.8118040602283991,0.4875757190672123,0.30999999999999994,0.5499999999999998,False,False
265,2,636,1.1427612740692181,2.4731557722159017,2.4712244844399267,0.324370851828072,0.29,3.619682719775333,2.01844273588122,0.5576297405443593,0.8527612740692181,0.525,2.689828933481564,1.9061952687560306,0.7086678431586199,0.6177612740692181,0.2899999999999999,0.5299999999999998,False,False
266,3,741,1.1908461816413085,2.4825983581713555,2.8528926862991484,0.3309546354176296,0.285,3.61379528332106,1.9510598011413995,0.5398921765563834,0.9058461816413086,0.515,2.7233937085585804,1.8710822212497131,0.6870406637753551,0.6758461816413085,0.2899999999999999,0.5099999999999998,False,False
267,1,309,1.0611581209111876,2.617175967887708,2.528428341086264,0.35708477976036745,0.215,3.5634280359687702,1.8586420257437113,0.5215882029839877,0.8461581209111876,0.445,2.54038124791081,1.7447418699639288,0.6868031605093885,0.6161581209111875,0.20999999999999996,0.46999999999999986,False,False
268,1,1120,1.1211413212903114,2.535954888592667,2.7016503269699808,0.335547744050673,0.28,3.607484667706053,2.0022987835805783,0.5550401368313538,0.8411413212903114,0.515,2.698885141722772,1.9007759909518545,0.7042819131378586,0.6061413212903114,0.2699999999999999,0.5099999999999998,False,False
269,3,1111,1.1384412885368822,2.267030774453568,2.860524048589004,0.3413305976117664,0.27,3.592042368233236,1.8856594197553276,0.5249546710337937,0.8684412885368822,0.49,2.6244900699287332,1.7844526392573687,0.6799235629441054,0.6484412885368822,0.2699999999999999,0.5099999999999998,False,False
270,1,1039,1.0814200807689773,2.21157336122771,2.734702500060329,0.30600864700064967,0.32,3.6488674504465552,2.330961489512815,0.6388178033782914,0.7614200807689773,0.555,2.766418345848194,2.1759364357921016,0.7865536458206763,0.5264200807689773,0.3299999999999999,0.5699999999999998,False,False
271,4,254,1.258015961242116,2.2832770572102494,2.8712649352194544,0.32838096304074443,0.29,3.6180216302127,1.8049516239059549,0.4988780633132488,0.968015961242116,0.515,2.708846567846312,1.7371633678068514,0.641292640353564,0.743015961242116,0.2899999999999999,0.5299999999999998,False,False
272,3,1056,1.0575285546501307,2.4282061832340194,2.5859966497060722,0.3122991987382097,0.31,3.641341830457665,2.336944967766795,0.6417812654169505,0.7475285546501307,0.565,2.7537396236655627,2.183154919773025,0.7927964216409756,0.4925285546501308,0.30999999999999994,0.5499999999999998,False,False
273,3,296,1.1378682740130064,2.357462361607803,3.05027421575591,0.3331742927441593,0.285,3.6134006479669623,2.0230409388979407,0.5598717485248089,0.8528682740130065,0.525,2.7221533369875,1.930414238889666,0.7091497061021476,0.6128682740130064,0.2899999999999999,0.5299999999999998,False,False
274,1,389,1.0357044917166813,2.3826526542425133,2.6010971978696373,0.32567608874657705,0.295,3.6183008433292354,2.245397122022335,0.6205667298676918,0.7407044917166814,0.54,2.6854151985951082,2.085394957883021,0.7765633258402679,0.4957044917166813,0.2899999999999999,0.5499999999999998,False,False
275,2,1091,1.1583427154687618,2.3666273762038834,2.5846749713786963,0.34109405111577196,0.265,3.591124860067492,1.812544108324862,0.5047287908253897,0.8933427154687618,0.48,2.602567064428108,1.7133706153093613,0.6583386990205611,0.6783427154687618,0.24999999999999994,0.5099999999999998,False,True
276,4,1214,1.0901737278463894,2.2949612505091967,3.1007678798856944,0.3522756554241083,0.24,3.57596804521185,1.912827628105692,0.534911834759522,0.8501737278463894,0.48,2.613833183599123,1.8139544136495553,0.6939824718086358,0.6101737278463895,0.22999999999999995,0.46999999999999986,False,False
277,2,146,1.1324405709450307,2.205620740918508,2.2578351322903956,0.3113700417658927,0.3,3.6317469329947283,2.0552229696670783,0.5659047856543097,0.8324405709450307,0.535,2.6572797679869864,1.9063377079780317,0.7174019578006916,0.5974405709450307,0.30999999999999994,0.5299999999999998,False,False
278,4,651,1.0671331198958482,2.545835652329099,3.0049302418018424,0.34827690052311483,0.25,3.587968020582917,2.03011691071467,0.5658124317353442,0.8171331198958482,0.485,2.6596733269890933,1.9262124618355931,0.7242289653730442,0.5821331198958483,0.24999999999999994,0.5099999999999998,False,False
279,4,230,1.0945500152849799,2.3227766862242185,2.9042635755107615,0.33270221955270185,0.28,3.611153318959551,2.0918057002411974,0.5792625002263516,0.8145500152849798,0.53,2.699315561152529,1.973714235933098,0.7311906263713679,0.5645500152849798,0.2699999999999999,0.5299999999999998,False,False
280,3,485,1.1674391780408464,2.6887934252122023,2.578697933482973,0.3022514964865868,0.33,3.6648655036224445,2.267886474745241,0.6188184730117942,0.8374391780408463,0.585,2.861543471145318,2.1689999310274257,0.7579825198878752,0.5824391780408464,0.3299999999999999,0.5899999999999997,False,False
281,3,1185,1.1591073397507008,2.485804519821019,2.8590738239692493,0.32250582213271795,0.305,3.632034478284466,2.0905893649607314,0.5755973346233729,0.8541073397507009,0.54,2.773767344648186,1.9980748201656655,0.7203469404241233,0.6191073397507008,0.2899999999999999,0.5699999999999998,False,True
282,4,835,1.1227661790738033,2.2832066204211894,2.5996665051429075,0.33740685313886165,0.27,3.59781497796489,1.9088802273348224,0.5305665352515108,0.8527661790738033,0.495,2.620653114733753,1.7946776939095597,0.6848207738061858,0.6277661790738033,0.2699999999999999,0.4899999999999999,False,False
283,1,91,1.1070315907316504,2.4693146846349183,2.7343851835164843,0.30176050168440155,0.33,3.664813909605489,2.3794152456190316,0.6492594997477434,0.7770315907316503,0.59,2.8474659616516758,2.2495125658366613,0.7900050768409639,0.5170315907316504,0.3299999999999999,0.5899999999999997,False,False
284,1,114,1.2584188953436122,2.6133611858751746,2.727258670422595,0.37712036216281786,0.155,3.4967571657235204,1.3339323994284826,0.3814769903109575,1.1034188953436121,0.425,2.423075139836235,1.2879583373220744,0.5315387526154562,0.8334188953436121,0.15,0.4099999999999999,False,False
285,2,1218,1.126728393346728,2.398404524268272,2.620349067323291,0.3397134678668624,0.265,3.59543453272276,1.9083012838298221,0.5307567879381463,0.861728393346728,0.49,2.625288006165004,1.7998029269847404,0.6855639925060548,0.636728393346728,0.2699999999999999,0.4899999999999999,False,False
286,1,375,1.1282010768239683,2.358103614111504,2.578537487384737,0.3351652700512551,0.28,3.600282300739353,1.9262316712237137,0.5350223983347482,0.8482010768239683,0.51,2.6319054883009647,1.8134410777432721,0.6890221118517235,0.6182010768239683,0.2699999999999999,0.5099999999999998,False,False
287,1,831,1.0986712933183476,2.403914177447256,2.6318949215022704,0.30931102884630773,0.315,3.64655133646926,2.2770535023001126,0.6244402703253449,0.7836712933183476,0.57,2.773279034601252,2.1442483450529837,0.77318160859399,0.5286712933183476,0.3299999999999999,0.5499999999999998,False,False
288,1,1202,1.0903143259885903,2.646365439899379,2.891134198921668,0.31480717055744856,0.315,3.648366128760601,2.3579386360563404,0.6462998922910634,0.7753143259885904,0.56,2.8520292366311253,2.2449230948356664,0.7871318659718282,0.5303143259885903,0.30999999999999994,0.5699999999999998,False,False
289,2,554,1.1572904279445018,2.825294125713561,2.953662952561373,0.3238141819725957,0.31,3.6398161865435945,2.18259729744155,0.5996449231449146,0.8472904279445017,0.55,2.855625435653965,2.1089172003324634,0.7385132426688521,0.6072904279445017,0.2899999999999999,0.5699999999999998,False,False
290,4,1068,1.0667460625257885,2.6037525087196864,2.732795503124135,0.31982316079816203,0.31,3.6374634378695756,2.312292937983013,0.6356882969351023,0.7567460625257885,0.545,2.8016728647557763,2.1865099302734743,0.7804301343597707,0.5217460625257885,0.2899999999999999,0.5699999999999998,False,False
291,4,998,1.1333641437851565,2.6735455354340893,2.721760290481554,0.3230003794777109,0.3,3.6308982740933495,2.143039624605784,0.5902229869386549,0.8333641437851564,0.545,2.775125666760944,2.0462598965742282,0.7373575622478281,0.5883641437851564,0.30999999999999994,0.5299999999999998,False,False
292,4,1234,1.0332598181401442,2.4900481412268207,2.910639007194105,0.3295825497970261,0.285,3.62005918110681,2.2879953784109133,0.6320325895090404,0.7482598181401443,0.525,2.745262664316844,2.1560299726070404,0.7853638198746153,0.5082598181401442,0.2899999999999999,0.5499999999999998,False,False
293,1,683,1.1261256077170427,2.564455101889802,2.840007754548382,0.3597850292803278,0.215,3.563639824185095,1.7522140986912098,0.49169225430684266,0.9111256077170428,0.465,2.5865621949463495,1.6737855792155003,0.6471081895829758,0.6611256077170427,0.20999999999999996,0.44999999999999984,False,False
294,3,764,1.1001393081870134,2.2272434514843917,2.482939219159893,0.33935533601510803,0.26,3.5874345711161357,1.9050979950972535,0.5310474539204021,0.8401393081870134,0.48,2.567129236757139,1.7711148836208013,0.6899204209360792,0.6201393081870135,0.2699999999999999,0.4899999999999999,False,False
295,2,246,1.0629355956738822,2.4383352122959403,2.5677427377322903,0.3154028536555618,0.31,3.6359463058126402,2.2846251532199435,0.6283440296045092,0.7529355956738821,0.56,2.7337292423901163,2.131054236092216,0.7795410763609574,0.5029355956738821,0.30999999999999994,0.5899999999999997,False,True
296,3,0,1.1282651856308794,2.3163465887817596,2.787460524902344,0.325731464760675,0.285,3.6188466893191222,2.068386857474534,0.5715596804858556,0.8432651856308795,0.525,2.710404459375437,1.9563001287293746,0.721774243678808,0.6032651856308794,0.2899999999999999,0.5499999999999998,False,False
297,3,813,1.1664286803499522,2.6728833592982175,2.802457492935978,0.3071627721535503,0.325,3.6607039910173635,2.258705126124397,0.6170138671869696,0.8414286803499522,0.585,2.8707740626842146,2.167527555179986,0.7550324434634599,0.5814286803499522,0.3299999999999999,0.5899999999999997,False,False
298,3,648,1.1287865092524585,2.4284559868663336,3.0934260660677557,0.33552850115590194,0.285,3.6131833833371925,2.0435019875016707,0.5655683010515399,0.8437865092524586,0.515,2.740838538427193,1.9487051543406697,0.7109886726340755,0.6137865092524585,0.2699999999999999,0.5099999999999998,False,False
299,1,514,1.1483149250842277,2.7017169807799344,2.6246672702849994,0.3685728075756854,0.18,3.5377345593361786,1.6000342509259966,0.4522765131441143,0.9683149250842278,0.43,2.4943712325023406,1.5287503625827892,0.6128800487524684,0.7183149250842278,0.16999999999999998,0.4299999999999998,False,False
300,4,257,1.1429860197409811,2.489867611569731,2.557076721423265,0.3202547149647966,0.3,3.6303239440924586,2.079698810016918,0.5728686591181934,0.8429860197409811,0.53,2.7284400467916887,1.9687505808465322,0.7215663701907402,0.6129860197409811,0.30999999999999994,0.5499999999999998,False,False
301,4,1090,1.1452716757694628,2.645715656748004,2.7046880535160818,0.29345280199764484,0.34,3.6806254200081905,2.414061776682435,0.6558835798827535,0.8052716757694627,0.615,2.90732804726757,2.3074921341719907,0.7936813791414662,0.5302716757694628,0.34999999999999987,0.6099999999999998,False,False
302,4,259,1.1574041945658105,2.294943926549302,2.4549425429241234,0.35658825930186566,0.22,3.55683052254787,1.6122774857444084,0.45329049993348663,0.9374041945658105,0.44,2.480521769430784,1.5155845487936128,0.6109942543021505,0.7174041945658105,0.22999999999999995,0.44999999999999984,False,False
303,3,1024,1.1574289355472005,2.5605954962830486,2.530546580566919,0.30168464953514296,0.33,3.660702573514573,2.2537772562414093,0.6156679519793927,0.8274289355472004,0.58,2.8214386610564386,2.138241857674618,0.757855163462597,0.5774289355472005,0.3299999999999999,0.5699999999999998,False,False
304,3,339,1.1199163872507818,2.628889275902997,2.624692460495431,0.3352838915064569,0.275,3.6083923887939506,2.012152422336533,0.5576312677593979,0.8449163872507818,0.51,2.6969943903745595,1.9110125298900849,0.7085711919573858,0.6099163872507818,0.2699999999999999,0.5099999999999998,False,False
305,4,1018,1.1168451910939214,2.679422258813885,2.6943167648318584,0.3365505054713168,0.28,3.6089547564027926,2.0261157036772595,0.5614134397453018,0.8368451910939214,0.52,2.7187267438905196,1.9309385268748618,0.7102363380998244,0.5968451910939214,0.2699999999999999,0.5099999999999998,False,False
306,4,1149,1.1616616655894585,2.410241687000843,2.6828970186266026,0.34135347253699383,0.26,3.5927902580603535,1.830232616327375,0.5094181638411217,0.9016616655894585,0.485,2.6269998953450178,1.7383443965723282,0.6617222938046681,0.6766616655894585,0.24999999999999994,0.4899999999999999,False,False
307,4,390,1.1153225831366194,2.434185805992548,2.7814192553536254,0.31292523011290835,0.32,3.6448718645521545,2.2505243967719313,0.6174495237155486,0.7953225831366193,0.55,2.7918654380416172,2.1297937822169044,0.7628568888731507,0.5653225831366193,0.30999999999999994,0.5699999999999998,False,False
308,4,252,1.153602619989718,2.3907681086638872,2.7885658943162195,0.3296209195851518,0.29,3.612276854129585,2.0063430435659337,0.5554233865746657,0.863602619989718,0.52,2.7021142227335417,1.906793866954542,0.7056673810870847,0.633602619989718,0.2899999999999999,0.5299999999999998,False,False
309,1,109,1.14128916060067,2.5657643598985884,2.7267919087959824,0.30330793436392767,0.33,3.6619695676635673,2.3197609890909408,0.6334735847002162,0.81128916060067,0.58,2.856957668539646,2.2109563468259927,0.7738848815201868,0.5612891606006701,0.3299999999999999,0.5499999999999998,False,True
310,4,827,1.1329538207411836,2.398737890476828,2.7426320553283414,0.3238452819809178,0.295,3.6238391072167206,2.0935270946680262,0.5777097251638067,0.8379538207411836,0.545,2.7301647119093695,1.9835097836768574,0.726516526649291,0.5879538207411835,0.2899999999999999,0.5299999999999998,False,False
311,3,383,1.196679560650866,2.722079814914836,2.5633910905303416,0.302312612221646,0.33,3.665061251886446,2.2212917797003384,0.6060722119056035,0.8666795606508659,0.575,2.867314588914299,2.1327369766046886,0.7438098996358274,0.621679560650866,0.3299999999999999,0.5699999999999998,False,False
312,4,556,1.0950631900852852,2.5591778906519904,2.7031903453283816,0.3290375941284639,0.285,3.6193456277496,2.1257774235968183,0.58733750302774,0.8100631900852853,0.505,2.729523357379586,2.0144832445664567,0.7380348071102104,0.5900631900852852,0.2899999999999999,0.5299999999999998,False,False
313,4,657,1.1334388902334043,2.3592697814672685,2.529231425436384,0.3238882913857481,0.295,3.618981790582091,2.0384022192717213,0.5632529637414552,0.8384388902334043,0.53,2.6817559994853553,1.9173090677669928,0.7149453821059544,0.6034388902334042,0.2899999999999999,0.5299999999999998,False,False
314,2,1008,1.1134187725441858,2.4883896239092227,2.7361907275387387,0.29821225459021317,0.335,3.6683664241574316,2.406316663253371,0.655964095464118,0.7784187725441858,0.59,2.862637716436531,2.284611374771029,0.7980791148154643,0.5234187725441858,0.3299999999999999,0.5899999999999997,False,False
315,3,616,1.1568299163467555,2.4755422903892192,3.066322954437052,0.31721797785354905,0.315,3.646023251591008,2.192422985253332,0.6013189806994864,0.8418299163467555,0.55,2.8361849270724715,2.1036250219571007,0.7417094004968414,0.6068299163467554,0.30999999999999994,0.5499999999999998,False,False
316,3,135,1.1135119116983825,2.3281971650154234,2.7436153591305747,0.3372727691427224,0.265,3.6000982774885957,1.9639212147810639,0.5455187784904255,0.8485119116983825,0.51,2.6472684824439625,1.8507120254884222,0.6991025042461284,0.6035119116983825,0.2699999999999999,0.5099999999999998,False,False
317,4,1052,1.1306237552087484,2.4133899489638933,2.6794371566580577,0.3249068853586237,0.29,3.621870143545618,2.075833480580863,0.5731385715968084,0.8406237552087483,0.535,2.711614021122478,1.9630183714132337,0.7239298646938838,0.5956237552087483,0.2899999999999999,0.5499999999999998,False,False
318,4,169,1.175829952503884,2.410611420451415,2.7894606669525186,0.3467316268488214,0.255,3.5859583799154997,1.7737793701863849,0.4946458330696472,0.920829952503884,0.485,2.6220370384331213,1.6927818408490782,0.6455979896686174,0.690829952503884,0.24999999999999994,0.4899999999999999,False,False
319,3,494,1.1601271659191834,2.4668421499397937,2.7240633440400144,0.31055743655196993,0.325,3.6481530349624016,2.1856410468570577,0.5991089260540253,0.8351271659191835,0.57,2.803656904284828,2.0827897043084116,0.7428832326542113,0.5901271659191835,0.3299999999999999,0.5499999999999998,False,False
320,1,445,1.1691497533903608,2.469068287068814,2.7903260103421013,0.3205298955951395,0.3,3.634011503999212,2.076601318727988,0.5714349876005341,0.8691497533903607,0.575,2.767537393023918,1.982186108071127,0.7162273987941727,0.5941497533903608,0.30999999999999994,0.5499999999999998,False,False
