vpNum,blockNum,criterion_ms
1,2,648.0
1,3,541.0
1,4,471.0
1,5,488.0
1,6,484.0
1,7,511.0
2,9,593.0
2,10,591.0
2,11,656.0
2,12,588.0
2,13,624.0
2,14,543.0
3,2,521.0
3,3,548.0
3,4,466.0
3,5,464.0
3,6,530.0
3,7,502.0
4,2,577.0
4,3,516.0
4,4,566.0
4,5,480.0
4,6,482.0
4,7,535.0
5,2,430.0
5,3,458.0
5,4,463.0
5,5,461.0
5,6,403.0
5,7,423.0
6,9,1270.0
6,10,1320.0
6,11,1319.0
6,12,1351.0
6,13,1389.0
6,14,1375.0
7,2,657.0
7,3,622.0
7,4,562.0
7,5,531.0
7,6,525.0
7,7,503.0
8,2,665.0
8,3,706.0
8,4,543.0
8,5,662.0
8,6,559.0
8,7,560.0
9,9,447.0
9,10,455.0
9,11,468.0
9,12,436.0
9,13,425.0
9,14,406.0
10,2,547.0
10,3,562.0
10,4,522.0
10,5,570.0
10,6,483.0
10,7,522.0
11,9,568.0
11,10,486.0
11,11,528.0
11,12,492.0
11,13,535.0
11,14,663.0
12,9,498.0
12,10,428.0
12,11,440.0
12,12,408.0
12,13,435.0
12,14,437.0
13,9,675.0
13,10,849.0
13,11,663.0
13,12,568.0
13,13,574.0
13,14,572.0
14,2,463.0
14,3,432.0
14,4,439.0
14,5,430.0
14,6,419.0
14,7,405.0
15,9,443.0
15,10,442.0
15,11,466.0
15,12,504.0
15,13,413.0
15,14,443.0
16,9,520.0
16,10,519.0
16,11,479.0
16,12,581.0
16,13,497.0
16,14,485.0
17,2,499.0
17,3,434.0
17,4,397.0
17,5,434.0
17,6,435.0
17,7,425.0
18,9,1449.0
18,10,1494.0
18,11,1469.0
18,12,509.0
18,13,471.0
18,14,501.0
19,2,531.0
19,3,467.0
19,4,447.0
19,5,407.0
19,6,457.0
19,7,425.0
20,2,658.0
20,3,535.0
20,4,519.0
20,5,548.0
20,6,475.0
20,7,497.0
21,9,529.0
21,10,458.0
21,11,454.0
21,12,442.0
21,13,451.0
21,14,467.0
23,2,585.0
23,3,648.0
23,4,468.0
23,5,512.0
23,6,485.0
23,7,502.0
24,2,856.0
24,3,734.0
24,4,619.0
24,5,628.0
24,6,504.0
24,7,464.0
26,2,434.0
26,3,424.0
26,4,406.0
26,5,424.0
26,6,426.0
26,7,404.0
28,9,564.0
28,10,657.0
28,11,596.0
28,12,578.0
28,13,556.0
28,14,531.0
29,2,1118.0
29,3,1260.0
29,4,911.0
29,5,495.0
29,6,513.0
29,7,659.0
30,2,776.0
30,3,559.0
30,4,648.0
30,5,651.0
30,6,637.0
30,7,691.0
31,2,560.0
31,3,584.0
31,4,485.0
31,5,509.0
31,6,476.0
31,7,453.0
32,9,534.0
32,10,377.0
32,11,380.0
32,12,447.0
32,13,389.0
32,14,393.0
33,9,442.0
33,10,520.0
33,11,498.0
33,12,465.0
33,13,475.0
33,14,446.0
34,9,823.0
34,10,856.0
34,11,935.0
34,12,1076.0
34,13,1109.0
34,14,965.0
35,2,640.0
35,3,541.0
35,4,496.0
35,5,497.0
35,6,459.0
35,7,569.0
36,9,417.0
36,10,408.0
36,11,416.0
36,12,481.0
36,13,482.0
36,14,477.0
37,2,654.0
37,3,724.0
37,4,704.0
37,5,566.0
37,6,685.0
37,7,635.0
38,9,532.0
38,10,664.0
38,11,768.0
38,12,541.0
38,13,632.0
38,14,527.0
39,9,468.0
39,10,501.0
39,11,488.0
39,12,460.0
39,13,447.0
39,14,466.0
40,9,435.0
40,10,428.0
40,11,387.0
40,12,398.0
40,13,424.0
40,14,488.0
