sid,heldout_condition,D,q_train,z_obs,z_m0,z_mq,err_m0,err_mq,improvement
401,1,0.5,0.10804846576716834,0.3757618876485001,0.3130334759737568,0.348082484192527,0.0627284116747433,0.027679403455973084,0.03504900821877022
402,1,0.5,0.10804846576716834,0.4053197839176921,0.4413764630910382,0.4713777852687672,0.036056679173346096,0.06605800135107515,-0.03000132217772905
403,1,0.5,0.10804846576716834,0.7426827725168186,0.30747244238042193,0.33738986065757254,0.43521033013639665,0.40529291185924604,0.02991741827715061
404,1,0.5,0.10804846576716834,0.6405105316964774,0.3358260728780398,0.3663503217422075,0.30468445881843764,0.27416020995426993,0.030524248864167713
405,1,0.5,0.10804846576716834,0.5724968783638744,0.24500445029980691,0.2598813570632535,0.32749242806406753,0.3126155213006209,0.014876906763446607
406,1,0.5,0.10804846576716834,0.34714751790821124,0.3697962851806294,0.40497119227588196,0.022648767272418158,0.05782367436767072,-0.03517490709525256
407,1,0.5,0.10804846576716834,0.18818145574694403,0.2122297036090029,0.22566129561974854,0.024048247862058864,0.03747983987280451,-0.013431592010745647
408,1,0.5,0.10804846576716834,0.4331073867231757,0.3001413101050591,0.3221698106137278,0.1329660766181166,0.11093757610944793,0.02202850050866867
409,1,0.5,0.10804846576716834,0.5563081348216852,0.20352324540930322,0.2196375933321495,0.35278488941238195,0.3366705414895357,0.016114347922846273
410,1,0.5,0.10804846576716834,0.7902917678464769,0.24741439317424138,0.27125824039087465,0.5428773746722355,0.5190335274556023,0.02384384721663324
411,1,0.5,0.10804846576716834,0.7828459073581497,0.292834281816682,0.319161731554752,0.49001162554146777,0.4636841758033977,0.026327449738070052
412,1,0.5,0.10804846576716834,0.3815234815510834,0.4141587934772527,0.4421472402926693,0.03263531192616931,0.060623758741585876,-0.027988446815416568
413,1,0.5,0.10804846576716834,0.44631534953094665,0.1555842803804983,0.16837271910866733,0.29073106915044833,0.2779426304222793,0.012788438728169038
414,1,0.5,0.10804846576716834,0.4283980378145905,0.26153553575928906,0.27778206501856034,0.16686250205530145,0.15061597279603017,0.01624652925927128
415,1,0.5,0.10804846576716834,0.40047994853365076,0.24715681188769426,0.2645819297975623,0.1533231366459565,0.13589801873608848,0.017425117909868032
416,1,0.5,0.10804846576716834,0.7826243791649528,0.2601964584337448,0.28325423971905583,0.5224279207312079,0.4993701394458969,0.023057781285310996
417,1,0.5,0.10804846576716834,0.993467645056368,0.23584120244375562,0.2545746221796861,0.7576264426126124,0.7388930228766819,0.018733419735930457
418,1,0.5,0.10804846576716834,0.545870718484031,0.3333873624855306,0.36349559760595723,0.21248335599850043,0.18237512087807378,0.030108235120426652
419,1,0.5,0.10804846576716834,0.3771592034596347,0.5982615318075571,0.6382376772164418,0.22110232834792243,0.26107847375680704,-0.03997614540888461
420,1,0.5,0.10804846576716834,0.653672262702202,0.4390989971199113,0.4804812271584499,0.21457326558229073,0.17319103554375215,0.04138223003853858
401,2,1.0,0.108048500176787,0.446852631109651,0.42522094580605524,0.49259902744453843,0.02163168530359577,0.04574639633488742,-0.024114711031291647
402,2,1.0,0.108048500176787,0.4667438392974455,0.5585858540813374,0.6061721123639704,0.09184201478389192,0.1394282730665249,-0.047586258282632965
403,2,1.0,0.108048500176787,0.6644458426469644,0.446268153523524,0.5136123371539233,0.21817768912344038,0.1508335054930411,0.06734418363039929
404,2,1.0,0.108048500176787,0.655635347545651,0.46943235680052203,0.5309588363149415,0.18620299074512897,0.12467651123070955,0.06152647951441942
405,2,1.0,0.108048500176787,0.665094218008401,0.30599060880788187,0.329146168489855,0.3591036092005191,0.33594804951854595,0.023155559681973137
406,2,1.0,0.108048500176787,0.44207558934748253,0.4867782175159449,0.5479126007258274,0.04470262816846238,0.10583701137834484,-0.06113438320988246
407,2,1.0,0.108048500176787,0.2530643976212421,0.2633665550538135,0.28397509063952514,0.010302157432571402,0.03091069301828303,-0.02060853558571163
408,2,1.0,0.108048500176787,0.5602136497470243,0.40862433530655456,0.4494057833426684,0.1515893144404697,0.11080786640435586,0.04078144803611383
409,2,1.0,0.108048500176787,0.8992424584217881,0.30769606154855705,0.3468639366345319,0.5915463968732311,0.5523785217872561,0.03916787508597497
410,2,1.0,0.108048500176787,0.6734451061059765,0.35501123718311156,0.40700309818995156,0.31843386892286496,0.26644200791602496,0.05199186100684
411,2,1.0,0.108048500176787,0.6619809944718142,0.41183763999569184,0.465683746531998,0.2501433544761224,0.19629724793981623,0.05384610653630617
412,2,1.0,0.108048500176787,0.41741505856544947,0.5292253267873793,0.5744723559022193,0.11181026822192985,0.15705729733676987,-0.04524702911484002
413,2,1.0,0.108048500176787,0.83301667368592,0.25493945627799824,0.2913350880103298,0.5780772174079218,0.5416815856755902,0.036395631732331624
414,2,1.0,0.108048500176787,0.5299765320796698,0.3290263521931216,0.35461682519143556,0.20095017988654817,0.1753597068882342,0.025590472998313962
415,2,1.0,0.108048500176787,0.4214203990004006,0.3113761413502288,0.33873765113611176,0.11004425765017184,0.08268274786428886,0.027361509785882976
416,2,1.0,0.108048500176787,0.6893860366064806,0.3480337069540413,0.3894743742543604,0.3413523296524393,0.2999116623521202,0.04144066730031909
417,2,1.0,0.108048500176787,0.9238123290532105,0.3673245058314918,0.4165395015561711,0.5564878232217187,0.5072728274970395,0.049214995724679245
418,2,1.0,0.108048500176787,0.6883282247801206,0.47714043640276443,0.541693228011835,0.21118778837735613,0.14663499676828562,0.06455279160907051
419,2,1.0,0.108048500176787,0.5000852725866056,0.7600676601660392,0.8239927591262013,0.2599823875794336,0.32390748653959567,-0.06392509896016207
420,2,1.0,0.108048500176787,0.48729025510552126,0.5754498712837526,0.6465541423354443,0.08815961617823131,0.15926388722992302,-0.0711042710516917
401,3,2.0,0.4406410731746566,0.4934966289807696,0.59408896107262,1.0534339933406625,0.10059233209185037,0.5599373643598928,-0.45934503226804246
402,3,2.0,0.4406410731746566,0.5901336498435068,0.7034111054882942,0.9376023822730394,0.11327745564478742,0.3474687324295326,-0.23419127678474516
403,3,2.0,0.4406410731746566,0.808401702065008,0.6587709832649198,1.2276987026358894,0.14963071880008827,0.4192970005708814,-0.2696662817707931
404,3,2.0,0.4406410731746566,0.7102671206648381,0.6559132619477099,1.0490149618062372,0.05435385871712817,0.3387478411413991,-0.28439398242427094
405,3,2.0,0.4406410731746566,0.6713972063150336,0.3797568525126692,0.49267436143360094,0.2916403538023644,0.1787228448814327,0.11291750892093172
406,3,2.0,0.4406410731746566,0.49461527448878867,0.6467155187010253,0.98050367877087,0.1521002442122366,0.4858884042820813,-0.3337881600698447
407,3,2.0,0.4406410731746566,0.28849801867608615,0.3260613633320681,0.42542723890161427,0.037563344655981934,0.13692922022552811,-0.09936587556954618
408,3,2.0,0.4406410731746566,0.6507290979144842,0.5448936696442893,0.769185673973327,0.10583542827019488,0.11845657605884286,-0.01262114778864798
409,3,2.0,0.4406410731746566,0.6877834465343772,0.45492967547714314,0.75620608470386,0.23285377105723404,0.0684226381694828,0.16443113288775124
410,3,2.0,0.4406410731746566,0.6073509928672756,0.5154316475892462,0.9147810599912269,0.09191934527802936,0.3074300671239514,-0.21551072184592202
411,3,2.0,0.4406410731746566,0.7647257573858901,0.5779897130754821,0.9268061326673314,0.18673604431040802,0.16208037528144126,0.024655669028966765
412,3,2.0,0.4406410731746566,0.47262630947087614,0.670689757693875,0.8962479033955855,0.19806344822299882,0.4236215939247093,-0.2255581457017105
413,3,2.0,0.4406410731746566,0.8530176129664669,0.43729449883771015,1.2936936676537458,0.4157231141287568,0.4406760546872789,-0.024952940558522096
414,3,2.0,0.4406410731746566,0.6032611241186463,0.4107758503824061,0.5364215071805996,0.1924852737362402,0.06683961693804674,0.12564565679819345
415,3,2.0,0.4406410731746566,0.4686669558005828,0.39161600398103924,0.5252861188990063,0.07705095181954358,0.05661916309842352,0.02043178872112006
416,3,2.0,0.4406410731746566,0.6079650149934657,0.46576847782462794,0.6959041156643406,0.14219653716883773,0.08793910067087496,0.054257436497962774
417,3,2.0,0.4406410731746566,1.0085323890742488,0.5635569917364164,1.0175308938490841,0.4449753973378324,0.008998504774835325,0.4359768925629971
418,3,2.0,0.4406410731746566,0.6273925355475667,0.6822834201388458,1.1327734222518273,0.05489088459127911,0.5053808867042606,-0.4504900021129815
419,3,2.0,0.4406410731746566,0.6455947143358767,0.9588144501084154,1.2752102896283475,0.3132197357725387,0.6296155752924708,-0.3163958395199321
420,3,2.0,0.4406410731746566,0.658787168599043,0.7609369445967261,1.1438236327925244,0.10214977599768316,0.48503646419348145,-0.3828866881957983
