model,parameter,rhat,method
m_a,a_subj(1).7,1.011322947367407,kabuki.analyze.gelman_rubin
m_a,t_subj.39,1.0109901929904248,kabuki.analyze.gelman_rubin
m_a,t_subj.7,1.0099543698546731,kabuki.analyze.gelman_rubin
m_a,a_subj(0).7,1.0095306823898598,kabuki.analyze.gelman_rubin
m_a,t_subj.31,1.009054764697814,kabuki.analyze.gelman_rubin
m_a,a_subj(0).31,1.008118005586811,kabuki.analyze.gelman_rubin
m_a,a_subj(0).14,1.0077592415128236,kabuki.analyze.gelman_rubin
m_a,t_subj.14,1.007669224175151,kabuki.analyze.gelman_rubin
m_a,a_subj(1).14,1.0076609921697506,kabuki.analyze.gelman_rubin
m_a,v_subj(0).7,1.0052311789864046,kabuki.analyze.gelman_rubin
m_a,v_subj(1).7,1.0045440925098819,kabuki.analyze.gelman_rubin
m_a,a_subj(1).31,1.0040439782469615,kabuki.analyze.gelman_rubin
m_a,v_subj(0).14,1.0037062401576962,kabuki.analyze.gelman_rubin
m_a,a_subj(0).8,1.0032873896826697,kabuki.analyze.gelman_rubin
m_a,v_subj(1).31,1.0031643078928412,kabuki.analyze.gelman_rubin
m_a,a_subj(1).37,1.003069031536151,kabuki.analyze.gelman_rubin
m_a,v_subj(1).14,1.0029390844901809,kabuki.analyze.gelman_rubin
m_a,t_subj.8,1.0026994734655024,kabuki.analyze.gelman_rubin
m_a,a_subj(0).39,1.002574671130772,kabuki.analyze.gelman_rubin
m_a,t_subj.18,1.0025652260540705,kabuki.analyze.gelman_rubin
m_a,a_subj(1).39,1.0024235011266358,kabuki.analyze.gelman_rubin
m_a,a_subj(1).12,1.0022599873220073,kabuki.analyze.gelman_rubin
m_a,a_subj(0).12,1.002102437572577,kabuki.analyze.gelman_rubin
m_a,t_subj.19,1.0020959874425084,kabuki.analyze.gelman_rubin
m_a,a_subj(1).8,1.0020872819047333,kabuki.analyze.gelman_rubin
m_a,a_subj(0).37,1.0020082994864385,kabuki.analyze.gelman_rubin
m_a,t_subj.28,1.0020074370728795,kabuki.analyze.gelman_rubin
m_a,a_subj(1).38,1.0018862373867503,kabuki.analyze.gelman_rubin
m_a,a_subj(1).21,1.0018607649696376,kabuki.analyze.gelman_rubin
m_a,t_subj.30,1.0018405485598136,kabuki.analyze.gelman_rubin
m_a,a_subj(1).28,1.0017937570052946,kabuki.analyze.gelman_rubin
m_a,t_subj.12,1.001727495868659,kabuki.analyze.gelman_rubin
m_a,a_subj(1).18,1.0016967633965739,kabuki.analyze.gelman_rubin
m_a,a_subj(1).30,1.0016652524994873,kabuki.analyze.gelman_rubin
m_a,v_std,1.001664155245622,kabuki.analyze.gelman_rubin
m_a,t_subj.37,1.001621953955658,kabuki.analyze.gelman_rubin
m_a,a_subj(0).5,1.0015911033439764,kabuki.analyze.gelman_rubin
m_a,a_subj(0).18,1.001582597114892,kabuki.analyze.gelman_rubin
m_a,v_subj(1).10,1.0015710214164626,kabuki.analyze.gelman_rubin
m_a,a_subj(1).20,1.0015670838401485,kabuki.analyze.gelman_rubin
m_a,a_subj(0).19,1.0015412832323454,kabuki.analyze.gelman_rubin
m_a,a_subj(0).38,1.00146962270179,kabuki.analyze.gelman_rubin
m_a,v_subj(1).12,1.0014594956883027,kabuki.analyze.gelman_rubin
m_a,a_std,1.0014216634499875,kabuki.analyze.gelman_rubin
m_a,a_subj(0).23,1.0012840687431948,kabuki.analyze.gelman_rubin
m_a,a_subj(1).5,1.001273477748773,kabuki.analyze.gelman_rubin
m_a,t_subj.38,1.0011296876615146,kabuki.analyze.gelman_rubin
m_a,t_subj.17,1.001094809555819,kabuki.analyze.gelman_rubin
m_a,v_subj(1).23,1.0010934843048171,kabuki.analyze.gelman_rubin
m_a,t_subj.20,1.0010597111787876,kabuki.analyze.gelman_rubin
m_a,a_subj(0).4,1.0010270279239661,kabuki.analyze.gelman_rubin
m_a,t_subj.4,1.0010142886353675,kabuki.analyze.gelman_rubin
m_a,t_subj.21,1.0010040284201969,kabuki.analyze.gelman_rubin
m_a,v_subj(1).38,1.0009934461261454,kabuki.analyze.gelman_rubin
m_a,a_subj(0).20,1.000990012209181,kabuki.analyze.gelman_rubin
m_a,v_subj(0).32,1.0009869996085359,kabuki.analyze.gelman_rubin
m_a,t_subj.5,1.0009681201141072,kabuki.analyze.gelman_rubin
m_a,v_subj(0).12,1.0009346978729903,kabuki.analyze.gelman_rubin
m_a,t_subj.23,1.0008518818877885,kabuki.analyze.gelman_rubin
m_a,a_subj(0).24,1.0008383084991075,kabuki.analyze.gelman_rubin
m_a,t_subj.40,1.0008135827132467,kabuki.analyze.gelman_rubin
m_a,v_subj(1).21,1.0008046702212936,kabuki.analyze.gelman_rubin
m_a,v_subj(0).17,1.0007898533849606,kabuki.analyze.gelman_rubin
m_a,a_subj(1).4,1.0007690674824885,kabuki.analyze.gelman_rubin
m_a,v_subj(0).8,1.0007685764604777,kabuki.analyze.gelman_rubin
m_a,a_subj(0).16,1.0006796619857776,kabuki.analyze.gelman_rubin
m_a,v(1),1.0006642122663123,kabuki.analyze.gelman_rubin
m_a,t_subj.3,1.0006444016324347,kabuki.analyze.gelman_rubin
m_a,v_subj(1).37,1.0006350984780412,kabuki.analyze.gelman_rubin
m_a,t_subj.36,1.0005948219642826,kabuki.analyze.gelman_rubin
m_a,a_subj(0).6,1.0005844651707445,kabuki.analyze.gelman_rubin
m_a,a_subj(1).23,1.0005670911179547,kabuki.analyze.gelman_rubin
m_a,t_subj.10,1.0005434618782758,kabuki.analyze.gelman_rubin
m_a,v_subj(1).29,1.0005348823183293,kabuki.analyze.gelman_rubin
m_a,a_subj(0).2,1.0005268497639364,kabuki.analyze.gelman_rubin
m_a,t_subj.2,1.0005173940359826,kabuki.analyze.gelman_rubin
m_a,v_subj(0).24,1.0005163524112493,kabuki.analyze.gelman_rubin
m_a,a_subj(0).10,1.000498393849202,kabuki.analyze.gelman_rubin
m_a,v_subj(1).8,1.0004953355828783,kabuki.analyze.gelman_rubin
m_a,a_subj(1).19,1.000484882995239,kabuki.analyze.gelman_rubin
m_a,a_subj(1).17,1.0004639727962068,kabuki.analyze.gelman_rubin
m_a,v_subj(1).4,1.000453130434296,kabuki.analyze.gelman_rubin
m_a,a_subj(1).35,1.000448481847785,kabuki.analyze.gelman_rubin
m_a,v_subj(1).6,1.000425158451892,kabuki.analyze.gelman_rubin
m_a,v_subj(0).37,1.000384750059482,kabuki.analyze.gelman_rubin
m_a,t_subj.24,1.0003846074323834,kabuki.analyze.gelman_rubin
m_a,a(1),1.0003477525719184,kabuki.analyze.gelman_rubin
m_a,v_subj(1).15,1.000337271554183,kabuki.analyze.gelman_rubin
m_a,v_subj(0).5,1.0003306703900143,kabuki.analyze.gelman_rubin
m_a,v_subj(0).6,1.0003305546794539,kabuki.analyze.gelman_rubin
m_a,a_subj(1).2,1.000326226104702,kabuki.analyze.gelman_rubin
m_a,a_subj(0).26,1.0002802961861645,kabuki.analyze.gelman_rubin
m_a,t_std,1.0002685123966637,kabuki.analyze.gelman_rubin
m_a,a_subj(1).1,1.000263114623992,kabuki.analyze.gelman_rubin
m_a,a_subj(0).35,1.0002422794688977,kabuki.analyze.gelman_rubin
m_a,v_subj(0).13,1.0002229516098637,kabuki.analyze.gelman_rubin
m_a,v_subj(0).29,1.0002218307606374,kabuki.analyze.gelman_rubin
m_a,t_subj.11,1.0002155250416689,kabuki.analyze.gelman_rubin
m_a,a_subj(1).10,1.000206542663693,kabuki.analyze.gelman_rubin
m_a,v_subj(1).34,1.0001834842560848,kabuki.analyze.gelman_rubin
m_a,a_subj(1).6,1.0001785233568516,kabuki.analyze.gelman_rubin
m_a,v_subj(0).38,1.000158902051784,kabuki.analyze.gelman_rubin
m_a,a_subj(0).28,1.0001557163959771,kabuki.analyze.gelman_rubin
m_a,a_subj(1).3,1.0001528140702736,kabuki.analyze.gelman_rubin
m_a,v_subj(1).3,1.0001462106508616,kabuki.analyze.gelman_rubin
m_a,t_subj.13,1.0001453890000516,kabuki.analyze.gelman_rubin
m_a,v_subj(1).1,1.0001426043212982,kabuki.analyze.gelman_rubin
m_a,v(0),1.0001420171080408,kabuki.analyze.gelman_rubin
m_a,t_subj.9,1.0001367062782403,kabuki.analyze.gelman_rubin
m_a,v_subj(0).1,1.000129025083397,kabuki.analyze.gelman_rubin
m_a,t_subj.32,1.0001287636434752,kabuki.analyze.gelman_rubin
m_a,v_subj(1).36,1.0001170794274061,kabuki.analyze.gelman_rubin
m_a,t_subj.35,1.0001144814120768,kabuki.analyze.gelman_rubin
m_a,a(0),1.0001120195067001,kabuki.analyze.gelman_rubin
m_a,t_subj.34,1.0001100190107235,kabuki.analyze.gelman_rubin
m_a,v_subj(1).30,1.000107875091086,kabuki.analyze.gelman_rubin
m_a,a_subj(0).17,1.0000984333958873,kabuki.analyze.gelman_rubin
m_a,t_subj.1,1.0000924190400367,kabuki.analyze.gelman_rubin
m_a,v_subj(0).40,1.0000921435709231,kabuki.analyze.gelman_rubin
m_a,a_subj(1).26,1.000090359600205,kabuki.analyze.gelman_rubin
m_a,v_subj(0).11,1.0000694662238143,kabuki.analyze.gelman_rubin
m_a,a_subj(0).33,1.0000547889278837,kabuki.analyze.gelman_rubin
m_a,v_subj(1).39,1.0000520954310896,kabuki.analyze.gelman_rubin
m_a,a_subj(1).15,1.0000473683279745,kabuki.analyze.gelman_rubin
m_a,v_subj(0).36,1.0000454862519204,kabuki.analyze.gelman_rubin
m_a,v_subj(0).2,1.0000446739601938,kabuki.analyze.gelman_rubin
m_a,a_subj(1).32,1.0000384751505182,kabuki.analyze.gelman_rubin
m_a,a_subj(0).1,1.0000342860065476,kabuki.analyze.gelman_rubin
m_a,v_subj(1).17,1.0000164789969357,kabuki.analyze.gelman_rubin
m_a,v_subj(0).4,1.0000163738405747,kabuki.analyze.gelman_rubin
m_a,v_subj(1).40,1.000010886501738,kabuki.analyze.gelman_rubin
m_a,v_subj(1).19,1.0000087222396559,kabuki.analyze.gelman_rubin
m_a,t_subj.33,1.0000047251011972,kabuki.analyze.gelman_rubin
m_a,v_subj(0).16,1.0000039900490636,kabuki.analyze.gelman_rubin
m_a,v_subj(1).24,0.9999940639347732,kabuki.analyze.gelman_rubin
m_a,v_subj(0).15,0.9999914385896106,kabuki.analyze.gelman_rubin
m_a,a_subj(0).3,0.9999809746143871,kabuki.analyze.gelman_rubin
m_a,t_subj.16,0.9999785623065015,kabuki.analyze.gelman_rubin
m_a,v_subj(1).18,0.9999659116819092,kabuki.analyze.gelman_rubin
m_a,a_subj(1).33,0.9999635654189634,kabuki.analyze.gelman_rubin
m_a,a_subj(0).13,0.9999604231877777,kabuki.analyze.gelman_rubin
m_a,t_subj.15,0.9999416989791372,kabuki.analyze.gelman_rubin
m_a,a_subj(0).30,0.9999363098835004,kabuki.analyze.gelman_rubin
m_a,v_subj(0).20,0.9999359515348868,kabuki.analyze.gelman_rubin
m_a,a_subj(0).21,0.9999317506906228,kabuki.analyze.gelman_rubin
m_a,t_subj.29,0.9999273181458109,kabuki.analyze.gelman_rubin
m_a,v_subj(1).2,0.9999245322213968,kabuki.analyze.gelman_rubin
m_a,a_subj(1).24,0.9999193765767709,kabuki.analyze.gelman_rubin
m_a,a_subj(0).9,0.9999093735392668,kabuki.analyze.gelman_rubin
m_a,t,0.999906759673749,kabuki.analyze.gelman_rubin
m_a,v_subj(0).18,0.9999066341618504,kabuki.analyze.gelman_rubin
m_a,a_subj(0).40,0.9999059819677464,kabuki.analyze.gelman_rubin
m_a,v_subj(0).19,0.9999012366086423,kabuki.analyze.gelman_rubin
m_a,v_subj(1).26,0.9998907461634291,kabuki.analyze.gelman_rubin
m_a,a_subj(0).32,0.9998901386925013,kabuki.analyze.gelman_rubin
m_a,v_subj(0).23,0.9998875000867201,kabuki.analyze.gelman_rubin
m_a,v_subj(0).34,0.999876981730442,kabuki.analyze.gelman_rubin
m_a,v_subj(0).28,0.9998593521082951,kabuki.analyze.gelman_rubin
m_a,v_subj(1).16,0.9998470113993475,kabuki.analyze.gelman_rubin
m_a,v_subj(0).35,0.9998459611899675,kabuki.analyze.gelman_rubin
m_a,a_subj(1).34,0.9998369838770746,kabuki.analyze.gelman_rubin
m_a,v_subj(1).20,0.9998344266694038,kabuki.analyze.gelman_rubin
m_a,v_subj(1).13,0.9998240655872862,kabuki.analyze.gelman_rubin
m_a,v_subj(0).30,0.9998208682610721,kabuki.analyze.gelman_rubin
m_a,a_subj(1).36,0.9998163022393424,kabuki.analyze.gelman_rubin
m_a,v_subj(1).5,0.9998150286059118,kabuki.analyze.gelman_rubin
m_a,a_subj(1).11,0.9998052752027068,kabuki.analyze.gelman_rubin
m_a,v_subj(0).33,0.999803670582947,kabuki.analyze.gelman_rubin
m_a,v_subj(0).9,0.9998007116416178,kabuki.analyze.gelman_rubin
m_a,a_subj(0).11,0.9997913884551055,kabuki.analyze.gelman_rubin
m_a,a_subj(1).29,0.9997885643747321,kabuki.analyze.gelman_rubin
m_a,v_subj(1).11,0.9997829794417707,kabuki.analyze.gelman_rubin
m_a,a_subj(0).36,0.9997826989407949,kabuki.analyze.gelman_rubin
m_a,a_subj(1).40,0.9997759242168998,kabuki.analyze.gelman_rubin
m_a,v_subj(1).32,0.9997744206323981,kabuki.analyze.gelman_rubin
m_a,a_subj(0).15,0.999773403766487,kabuki.analyze.gelman_rubin
m_a,v_subj(1).35,0.999770607404092,kabuki.analyze.gelman_rubin
m_a,v_subj(1).9,0.9997636728658104,kabuki.analyze.gelman_rubin
m_a,a_subj(0).29,0.9997406069772486,kabuki.analyze.gelman_rubin
m_a,a_subj(0).34,0.9997363576068333,kabuki.analyze.gelman_rubin
m_a,v_subj(0).26,0.999733944456917,kabuki.analyze.gelman_rubin
m_a,t_subj.26,0.9997274466488907,kabuki.analyze.gelman_rubin
m_a,t_subj.6,0.9997239880805726,kabuki.analyze.gelman_rubin
m_a,v_subj(0).21,0.9997228257591374,kabuki.analyze.gelman_rubin
m_a,v_subj(0).31,0.9997223806795125,kabuki.analyze.gelman_rubin
m_a,v_subj(0).39,0.9996982438573161,kabuki.analyze.gelman_rubin
m_a,v_subj(1).33,0.9996910766087275,kabuki.analyze.gelman_rubin
m_a,v_subj(0).3,0.9996769882415308,kabuki.analyze.gelman_rubin
m_a,v_subj(0).10,0.9996523527926393,kabuki.analyze.gelman_rubin
m_a,a_subj(1).9,0.9996479299399686,kabuki.analyze.gelman_rubin
m_a,v_subj(1).28,0.9996434177664489,kabuki.analyze.gelman_rubin
m_a,a_subj(1).13,0.9996386344633991,kabuki.analyze.gelman_rubin
m_a,a_subj(1).16,0.9996263910901309,kabuki.analyze.gelman_rubin
m_v,a_subj.7,1.0189334014910636,kabuki.analyze.gelman_rubin
m_v,v_subj(0.0).7,1.0146758273579561,kabuki.analyze.gelman_rubin
m_v,v_subj(1.1).7,1.013083355004755,kabuki.analyze.gelman_rubin
m_v,t_subj.39,1.0126596767175966,kabuki.analyze.gelman_rubin
m_v,t_subj.7,1.012226692250578,kabuki.analyze.gelman_rubin
m_v,v_subj(1.0).7,1.0117279406596449,kabuki.analyze.gelman_rubin
m_v,v_subj(0.1).7,1.0098162163847249,kabuki.analyze.gelman_rubin
m_v,a_subj.39,1.0069201641040895,kabuki.analyze.gelman_rubin
m_v,a_subj.21,1.0069006849341322,kabuki.analyze.gelman_rubin
m_v,a_subj.37,1.0046468267349107,kabuki.analyze.gelman_rubin
m_v,t_subj.37,1.0036407341916325,kabuki.analyze.gelman_rubin
m_v,t_subj.18,1.0032548723800847,kabuki.analyze.gelman_rubin
m_v,a_subj.18,1.0028310551981001,kabuki.analyze.gelman_rubin
m_v,t_subj.23,1.002822469668223,kabuki.analyze.gelman_rubin
m_v,t_subj.21,1.0027935786012505,kabuki.analyze.gelman_rubin
m_v,v_subj(0.1).37,1.0025846217471406,kabuki.analyze.gelman_rubin
m_v,a_subj.12,1.002494805409391,kabuki.analyze.gelman_rubin
m_v,v_subj(1.1).37,1.0023458136308454,kabuki.analyze.gelman_rubin
m_v,v_subj(1.1).21,1.002195699201875,kabuki.analyze.gelman_rubin
m_v,v_subj(1.1).33,1.00203189360796,kabuki.analyze.gelman_rubin
m_v,a_subj.23,1.001997637332872,kabuki.analyze.gelman_rubin
m_v,t_subj.14,1.0019169347945618,kabuki.analyze.gelman_rubin
m_v,v_subj(0.1).12,1.0017759878595462,kabuki.analyze.gelman_rubin
m_v,v_subj(1.0).32,1.0017455695126485,kabuki.analyze.gelman_rubin
m_v,v_subj(0.0).12,1.0017299650683493,kabuki.analyze.gelman_rubin
m_v,t_subj.2,1.0016863650930252,kabuki.analyze.gelman_rubin
m_v,a_subj.9,1.0015892509194282,kabuki.analyze.gelman_rubin
m_v,t_subj.9,1.0015002139324591,kabuki.analyze.gelman_rubin
m_v,v_subj(1.0).12,1.0014740929712775,kabuki.analyze.gelman_rubin
m_v,v_std,1.001387708548315,kabuki.analyze.gelman_rubin
m_v,v_subj(0.1).29,1.0013870180723767,kabuki.analyze.gelman_rubin
m_v,a_subj.32,1.0013518077466386,kabuki.analyze.gelman_rubin
m_v,v_subj(1.0).31,1.0013517298753483,kabuki.analyze.gelman_rubin
m_v,v_subj(0.1).21,1.001346045294493,kabuki.analyze.gelman_rubin
m_v,a_subj.14,1.0012879444579275,kabuki.analyze.gelman_rubin
m_v,t_subj.8,1.0012794935373606,kabuki.analyze.gelman_rubin
m_v,t_subj.28,1.0012539619154575,kabuki.analyze.gelman_rubin
m_v,v_subj(1.1).16,1.0012201717748854,kabuki.analyze.gelman_rubin
m_v,a_subj.3,1.0011896215426404,kabuki.analyze.gelman_rubin
m_v,t_subj.30,1.001148343310011,kabuki.analyze.gelman_rubin
m_v,t_subj.6,1.0011470239530507,kabuki.analyze.gelman_rubin
m_v,t_subj.26,1.0011081702782532,kabuki.analyze.gelman_rubin
m_v,v_subj(0.0).37,1.0010875249891282,kabuki.analyze.gelman_rubin
m_v,v_subj(1.0).37,1.001065727422831,kabuki.analyze.gelman_rubin
m_v,a_subj.20,1.0010235698562537,kabuki.analyze.gelman_rubin
m_v,t_subj.11,1.0010028988218365,kabuki.analyze.gelman_rubin
m_v,a_subj.11,1.0009960465938643,kabuki.analyze.gelman_rubin
m_v,v_subj(0.1).32,1.0009915244411156,kabuki.analyze.gelman_rubin
m_v,a_subj.26,1.0009772185555699,kabuki.analyze.gelman_rubin
m_v,a_subj.29,1.0009602495849854,kabuki.analyze.gelman_rubin
m_v,v_subj(1.1).18,1.0008932085054931,kabuki.analyze.gelman_rubin
m_v,a_subj.28,1.000879183233511,kabuki.analyze.gelman_rubin
m_v,a_subj.4,1.0008571036540856,kabuki.analyze.gelman_rubin
m_v,v_subj(0.0).14,1.0008433487887487,kabuki.analyze.gelman_rubin
m_v,v_subj(0.0).17,1.0007918536895652,kabuki.analyze.gelman_rubin
m_v,v_subj(1.1).19,1.0007826712981083,kabuki.analyze.gelman_rubin
m_v,v_subj(1.1).12,1.000764250338733,kabuki.analyze.gelman_rubin
m_v,a_subj.8,1.0007592560510474,kabuki.analyze.gelman_rubin
m_v,v_subj(1.0).5,1.000754180270551,kabuki.analyze.gelman_rubin
m_v,t_subj.38,1.0007446431058835,kabuki.analyze.gelman_rubin
m_v,v_subj(1.0).38,1.0007425085823372,kabuki.analyze.gelman_rubin
m_v,v_subj(1.0).33,1.0007410758131585,kabuki.analyze.gelman_rubin
m_v,v_subj(0.0).16,1.0007211174108857,kabuki.analyze.gelman_rubin
m_v,t_subj.12,1.0007127630492563,kabuki.analyze.gelman_rubin
m_v,t_subj.29,1.0006942880204428,kabuki.analyze.gelman_rubin
m_v,v_subj(1.0).39,1.0006877085816996,kabuki.analyze.gelman_rubin
m_v,v_subj(0.1).35,1.0006859810649027,kabuki.analyze.gelman_rubin
m_v,v_subj(1.0).34,1.0006822560752882,kabuki.analyze.gelman_rubin
m_v,v_subj(0.1).20,1.0006557950890451,kabuki.analyze.gelman_rubin
m_v,a_subj.30,1.0006220012161058,kabuki.analyze.gelman_rubin
m_v,t_std,1.0006009618297111,kabuki.analyze.gelman_rubin
m_v,a_subj.2,1.000597059820829,kabuki.analyze.gelman_rubin
m_v,t_subj.3,1.000577611434015,kabuki.analyze.gelman_rubin
m_v,a_subj.1,1.00057583399237,kabuki.analyze.gelman_rubin
m_v,t_subj.20,1.0005539103074859,kabuki.analyze.gelman_rubin
m_v,v_subj(1.1).34,1.000526012156839,kabuki.analyze.gelman_rubin
m_v,t_subj.31,1.0005151956656075,kabuki.analyze.gelman_rubin
m_v,v_subj(1.1).11,1.0005119511816671,kabuki.analyze.gelman_rubin
m_v,a_subj.33,1.0005036303793369,kabuki.analyze.gelman_rubin
m_v,a_subj.6,1.0004920391436327,kabuki.analyze.gelman_rubin
m_v,v_subj(1.1).17,1.0004868094142918,kabuki.analyze.gelman_rubin
m_v,v_subj(1.0).2,1.0004805133682324,kabuki.analyze.gelman_rubin
m_v,v_subj(0.0).4,1.000478676348037,kabuki.analyze.gelman_rubin
m_v,v_subj(0.0).38,1.000474876280742,kabuki.analyze.gelman_rubin
m_v,v_subj(0.0).23,1.0004534097277706,kabuki.analyze.gelman_rubin
m_v,v_subj(1.1).6,1.0004417800680825,kabuki.analyze.gelman_rubin
m_v,v_subj(1.0).23,1.0004374364350686,kabuki.analyze.gelman_rubin
m_v,v_subj(0.0).40,1.0004354359945575,kabuki.analyze.gelman_rubin
m_v,v_subj(1.1).14,1.0004353291794075,kabuki.analyze.gelman_rubin
m_v,v_subj(1.1).24,1.0004307998549777,kabuki.analyze.gelman_rubin
m_v,v_subj(0.0).36,1.0004217714382144,kabuki.analyze.gelman_rubin
m_v,a_subj.38,1.0004003678991444,kabuki.analyze.gelman_rubin
m_v,v_subj(1.0).20,1.0003861733072767,kabuki.analyze.gelman_rubin
m_v,t_subj.40,1.0003818579738268,kabuki.analyze.gelman_rubin
m_v,v_subj(0.0).13,1.0003818506487694,kabuki.analyze.gelman_rubin
m_v,t_subj.1,1.000381133364609,kabuki.analyze.gelman_rubin
m_v,v_subj(0.1).5,1.0003766736275053,kabuki.analyze.gelman_rubin
m_v,v_subj(0.0).26,1.0003595473928575,kabuki.analyze.gelman_rubin
m_v,a_std,1.000354074382754,kabuki.analyze.gelman_rubin
m_v,v_subj(1.0).29,1.0003489960939078,kabuki.analyze.gelman_rubin
m_v,v_subj(1.1).30,1.0003477807166286,kabuki.analyze.gelman_rubin
m_v,v_subj(0.0).9,1.0003461381420946,kabuki.analyze.gelman_rubin
m_v,v_subj(1.0).21,1.0003417814494717,kabuki.analyze.gelman_rubin
m_v,v_subj(1.0).13,1.0003282866524033,kabuki.analyze.gelman_rubin
m_v,v_subj(0.0).24,1.0003267450605802,kabuki.analyze.gelman_rubin
m_v,v_subj(1.1).3,1.000326604529396,kabuki.analyze.gelman_rubin
m_v,v(0.0),1.0003176339417257,kabuki.analyze.gelman_rubin
m_v,a,1.000305802380391,kabuki.analyze.gelman_rubin
m_v,t_subj.33,1.0002959952615407,kabuki.analyze.gelman_rubin
m_v,v_subj(0.0).30,1.0002799125792723,kabuki.analyze.gelman_rubin
m_v,v_subj(0.1).19,1.0002673328114486,kabuki.analyze.gelman_rubin
m_v,v_subj(1.1).15,1.0002554801870396,kabuki.analyze.gelman_rubin
m_v,v_subj(0.1).15,1.00024445825863,kabuki.analyze.gelman_rubin
m_v,v_subj(0.1).18,1.0002197596160736,kabuki.analyze.gelman_rubin
m_v,v_subj(0.1).13,1.0002153358027146,kabuki.analyze.gelman_rubin
m_v,a_subj.16,1.0002126972668608,kabuki.analyze.gelman_rubin
m_v,v_subj(1.0).18,1.000210126720941,kabuki.analyze.gelman_rubin
m_v,v_subj(1.1).2,1.0002009828557443,kabuki.analyze.gelman_rubin
m_v,v_subj(1.0).11,1.0001923069872605,kabuki.analyze.gelman_rubin
m_v,a_subj.35,1.000177902103427,kabuki.analyze.gelman_rubin
m_v,v_subj(1.0).28,1.0001767002597508,kabuki.analyze.gelman_rubin
m_v,v_subj(0.1).36,1.0001757796550044,kabuki.analyze.gelman_rubin
m_v,v(0.1),1.0001753582320683,kabuki.analyze.gelman_rubin
m_v,v_subj(0.0).1,1.0001739239088885,kabuki.analyze.gelman_rubin
m_v,a_subj.24,1.0001739176927524,kabuki.analyze.gelman_rubin
m_v,a_subj.36,1.0001718769909442,kabuki.analyze.gelman_rubin
m_v,t_subj.5,1.0001491017063353,kabuki.analyze.gelman_rubin
m_v,v_subj(0.0).35,1.0001457198132022,kabuki.analyze.gelman_rubin
m_v,v_subj(0.1).39,1.0001442162883682,kabuki.analyze.gelman_rubin
m_v,v_subj(0.1).4,1.0001357939156261,kabuki.analyze.gelman_rubin
m_v,v_subj(1.1).40,1.0001352909580257,kabuki.analyze.gelman_rubin
m_v,t,1.0001346039872105,kabuki.analyze.gelman_rubin
m_v,v_subj(1.0).1,1.0001336358294313,kabuki.analyze.gelman_rubin
m_v,v_subj(0.1).1,1.0001336230259312,kabuki.analyze.gelman_rubin
m_v,v_subj(0.0).28,1.0001323140968508,kabuki.analyze.gelman_rubin
m_v,t_subj.35,1.0001265412357196,kabuki.analyze.gelman_rubin
m_v,v_subj(1.1).23,1.0001257262514838,kabuki.analyze.gelman_rubin
m_v,t_subj.19,1.0001154886906924,kabuki.analyze.gelman_rubin
m_v,v_subj(1.1).1,1.0001120068343332,kabuki.analyze.gelman_rubin
m_v,v_subj(0.1).26,1.000109235016541,kabuki.analyze.gelman_rubin
m_v,v_subj(1.0).35,1.0000963589766017,kabuki.analyze.gelman_rubin
m_v,v_subj(0.1).34,1.0000937025475507,kabuki.analyze.gelman_rubin
m_v,t_subj.16,1.0000795960582018,kabuki.analyze.gelman_rubin
m_v,v_subj(1.1).39,1.0000727878876277,kabuki.analyze.gelman_rubin
m_v,v_subj(0.1).28,1.000065888236842,kabuki.analyze.gelman_rubin
m_v,v_subj(0.0).39,1.0000425263701476,kabuki.analyze.gelman_rubin
m_v,v_subj(1.1).4,1.0000378134207686,kabuki.analyze.gelman_rubin
m_v,v_subj(0.1).31,1.0000366039037278,kabuki.analyze.gelman_rubin
m_v,v_subj(1.1).5,1.000029889446402,kabuki.analyze.gelman_rubin
m_v,t_subj.36,1.0000293838283865,kabuki.analyze.gelman_rubin
m_v,v_subj(0.1).6,1.000027818548751,kabuki.analyze.gelman_rubin
m_v,v_subj(0.0).34,1.0000258199618666,kabuki.analyze.gelman_rubin
m_v,v_subj(1.0).26,1.000025269589668,kabuki.analyze.gelman_rubin
m_v,v_subj(1.0).8,1.0000171682709997,kabuki.analyze.gelman_rubin
m_v,a_subj.31,1.0000098750996915,kabuki.analyze.gelman_rubin
m_v,t_subj.17,1.000008469166248,kabuki.analyze.gelman_rubin
m_v,a_subj.34,1.0000073365756694,kabuki.analyze.gelman_rubin
m_v,a_subj.15,1.000007230863999,kabuki.analyze.gelman_rubin
m_v,v_subj(0.1).24,1.0000042099308677,kabuki.analyze.gelman_rubin
m_v,v_subj(0.1).2,0.9999993156068981,kabuki.analyze.gelman_rubin
m_v,v_subj(0.0).8,0.9999984747733134,kabuki.analyze.gelman_rubin
m_v,v_subj(1.0).40,0.9999978756432565,kabuki.analyze.gelman_rubin
m_v,v_subj(0.1).38,0.9999902714830811,kabuki.analyze.gelman_rubin
m_v,v_subj(1.0).4,0.9999805136064317,kabuki.analyze.gelman_rubin
m_v,v_subj(1.1).9,0.9999803367889118,kabuki.analyze.gelman_rubin
m_v,v_subj(0.0).11,0.9999801439735517,kabuki.analyze.gelman_rubin
m_v,a_subj.5,0.99997835390901,kabuki.analyze.gelman_rubin
m_v,v_subj(1.0).14,0.9999764597315773,kabuki.analyze.gelman_rubin
m_v,v_subj(1.0).17,0.9999617471147141,kabuki.analyze.gelman_rubin
m_v,v_subj(0.0).10,0.999960709258918,kabuki.analyze.gelman_rubin
m_v,t_subj.24,0.9999538396466979,kabuki.analyze.gelman_rubin
m_v,t_subj.32,0.9999416172131487,kabuki.analyze.gelman_rubin
m_v,v_subj(0.0).33,0.9999408731797376,kabuki.analyze.gelman_rubin
m_v,v_subj(1.1).28,0.9999348541831735,kabuki.analyze.gelman_rubin
m_v,v(1.1),0.9999295716869427,kabuki.analyze.gelman_rubin
m_v,v_subj(0.1).16,0.999925069238235,kabuki.analyze.gelman_rubin
m_v,v_subj(0.0).31,0.9999230455200148,kabuki.analyze.gelman_rubin
m_v,v_subj(1.1).35,0.9999186723048684,kabuki.analyze.gelman_rubin
m_v,v_subj(1.0).30,0.9999180114712066,kabuki.analyze.gelman_rubin
m_v,v_subj(0.0).18,0.9999177998888602,kabuki.analyze.gelman_rubin
m_v,v_subj(0.0).3,0.9999096400352726,kabuki.analyze.gelman_rubin
m_v,v_subj(1.1).13,0.9999092538162283,kabuki.analyze.gelman_rubin
m_v,a_subj.40,0.9999060670466262,kabuki.analyze.gelman_rubin
m_v,v_subj(1.1).31,0.9999059470106453,kabuki.analyze.gelman_rubin
m_v,v_subj(0.0).21,0.9998968616877116,kabuki.analyze.gelman_rubin
m_v,v_subj(1.1).8,0.9998962237927851,kabuki.analyze.gelman_rubin
m_v,v_subj(1.0).9,0.9998902888921571,kabuki.analyze.gelman_rubin
m_v,v_subj(1.0).3,0.9998899664831307,kabuki.analyze.gelman_rubin
m_v,t_subj.4,0.9998868313489951,kabuki.analyze.gelman_rubin
m_v,t_subj.15,0.9998799949365064,kabuki.analyze.gelman_rubin
m_v,v_subj(0.0).19,0.9998668609510639,kabuki.analyze.gelman_rubin
m_v,v(1.0),0.9998648815005737,kabuki.analyze.gelman_rubin
m_v,v_subj(0.1).9,0.9998636247096554,kabuki.analyze.gelman_rubin
m_v,v_subj(0.0).20,0.9998631109356748,kabuki.analyze.gelman_rubin
m_v,v_subj(0.1).8,0.999861593516371,kabuki.analyze.gelman_rubin
m_v,v_subj(0.1).17,0.9998579823083715,kabuki.analyze.gelman_rubin
m_v,a_subj.19,0.9998532927094306,kabuki.analyze.gelman_rubin
m_v,v_subj(1.1).20,0.9998520491811358,kabuki.analyze.gelman_rubin
m_v,v_subj(0.0).32,0.9998509507442417,kabuki.analyze.gelman_rubin
m_v,v_subj(1.0).19,0.9998499281091441,kabuki.analyze.gelman_rubin
m_v,v_subj(1.1).38,0.9998327963872992,kabuki.analyze.gelman_rubin
m_v,v_subj(0.0).6,0.9998143973094572,kabuki.analyze.gelman_rubin
m_v,v_subj(1.0).15,0.9998036812419298,kabuki.analyze.gelman_rubin
m_v,t_subj.10,0.9998028557715813,kabuki.analyze.gelman_rubin
m_v,t_subj.34,0.9998005084122048,kabuki.analyze.gelman_rubin
m_v,v_subj(1.0).6,0.9998004584189328,kabuki.analyze.gelman_rubin
m_v,v_subj(0.1).33,0.99979684254306,kabuki.analyze.gelman_rubin
m_v,v_subj(1.0).36,0.9997919486883889,kabuki.analyze.gelman_rubin
m_v,v_subj(0.0).29,0.9997902967637102,kabuki.analyze.gelman_rubin
m_v,v_subj(0.1).11,0.9997768968542763,kabuki.analyze.gelman_rubin
m_v,v_subj(0.1).40,0.999770250467232,kabuki.analyze.gelman_rubin
m_v,v_subj(1.1).29,0.9997645300571901,kabuki.analyze.gelman_rubin
m_v,v_subj(1.1).10,0.9997623550964906,kabuki.analyze.gelman_rubin
m_v,a_subj.10,0.999761625627022,kabuki.analyze.gelman_rubin
m_v,a_subj.17,0.999739703718465,kabuki.analyze.gelman_rubin
m_v,v_subj(1.1).32,0.9997176784622925,kabuki.analyze.gelman_rubin
m_v,v_subj(1.0).10,0.9997169948384289,kabuki.analyze.gelman_rubin
m_v,a_subj.13,0.9997146572980912,kabuki.analyze.gelman_rubin
m_v,v_subj(0.0).5,0.9997034519841126,kabuki.analyze.gelman_rubin
m_v,v_subj(0.0).15,0.9996808200956828,kabuki.analyze.gelman_rubin
m_v,v_subj(1.1).36,0.9996793620155924,kabuki.analyze.gelman_rubin
m_v,v_subj(0.1).3,0.9996783535981097,kabuki.analyze.gelman_rubin
m_v,t_subj.13,0.9996613854675895,kabuki.analyze.gelman_rubin
m_v,v_subj(1.1).26,0.9996611381055039,kabuki.analyze.gelman_rubin
m_v,v_subj(1.0).24,0.9996496280293407,kabuki.analyze.gelman_rubin
m_v,v_subj(1.0).16,0.9996466233229622,kabuki.analyze.gelman_rubin
m_v,v_subj(0.1).23,0.999622686381002,kabuki.analyze.gelman_rubin
m_v,v_subj(0.0).2,0.9996209171413941,kabuki.analyze.gelman_rubin
m_v,v_subj(0.1).14,0.9996181964016294,kabuki.analyze.gelman_rubin
m_v,v_subj(0.1).30,0.999609424184152,kabuki.analyze.gelman_rubin
m_v,v_subj(0.1).10,0.9996093412850123,kabuki.analyze.gelman_rubin
m_va,a_subj(0).31,1.0064965046011771,kabuki.analyze.gelman_rubin
m_va,t_subj.31,1.0060959982034186,kabuki.analyze.gelman_rubin
m_va,a_subj(0).29,1.0042108086747756,kabuki.analyze.gelman_rubin
m_va,t_subj.14,1.0039813993289681,kabuki.analyze.gelman_rubin
m_va,a_subj(1).31,1.0039182988394495,kabuki.analyze.gelman_rubin
m_va,a_subj(1).32,1.0036828509341997,kabuki.analyze.gelman_rubin
m_va,a_subj(0).14,1.0034717426373332,kabuki.analyze.gelman_rubin
m_va,a_subj(1).28,1.0034542037595244,kabuki.analyze.gelman_rubin
m_va,a_subj(1).14,1.0033983284566153,kabuki.analyze.gelman_rubin
m_va,a_subj(0).8,1.0027479399377999,kabuki.analyze.gelman_rubin
m_va,t_subj.37,1.0023896398567298,kabuki.analyze.gelman_rubin
m_va,v_subj(0.1).31,1.0023252166402838,kabuki.analyze.gelman_rubin
m_va,t_subj.8,1.0022780528989839,kabuki.analyze.gelman_rubin
m_va,t_subj.29,1.002194446578114,kabuki.analyze.gelman_rubin
m_va,a_subj(1).37,1.0021606015834161,kabuki.analyze.gelman_rubin
m_va,v_subj(1.0).8,1.002070332034631,kabuki.analyze.gelman_rubin
m_va,v_subj(1.1).28,1.0020662019234812,kabuki.analyze.gelman_rubin
m_va,t_subj.32,1.0020098871698957,kabuki.analyze.gelman_rubin
m_va,v_subj(1.0).31,1.0019932099280293,kabuki.analyze.gelman_rubin
m_va,t_subj.28,1.0019119919667359,kabuki.analyze.gelman_rubin
m_va,a_subj(0).39,1.0018431565199748,kabuki.analyze.gelman_rubin
m_va,t_subj.19,1.0018084503390141,kabuki.analyze.gelman_rubin
m_va,a_subj(0).37,1.0017094557053623,kabuki.analyze.gelman_rubin
m_va,t_subj.16,1.0016546747318325,kabuki.analyze.gelman_rubin
m_va,t_subj.21,1.0015492467739098,kabuki.analyze.gelman_rubin
m_va,a_subj(1).8,1.001529550068291,kabuki.analyze.gelman_rubin
m_va,v_subj(1.1).37,1.0014464621652859,kabuki.analyze.gelman_rubin
m_va,v_subj(1.1).8,1.001439958385221,kabuki.analyze.gelman_rubin
m_va,a_subj(0).12,1.0014216307823074,kabuki.analyze.gelman_rubin
m_va,v_subj(0.0).8,1.0014111742032312,kabuki.analyze.gelman_rubin
m_va,a_subj(0).4,1.0014101186146014,kabuki.analyze.gelman_rubin
m_va,v(1.1),1.0013391820543878,kabuki.analyze.gelman_rubin
m_va,t_subj.39,1.0012717927824424,kabuki.analyze.gelman_rubin
m_va,a_subj(1).9,1.0012535588270366,kabuki.analyze.gelman_rubin
m_va,v_subj(1.0).39,1.001214356798406,kabuki.analyze.gelman_rubin
m_va,a_subj(1).21,1.001211703414116,kabuki.analyze.gelman_rubin
m_va,a_subj(0).11,1.0011835048543716,kabuki.analyze.gelman_rubin
m_va,a_subj(0).2,1.0011351820503431,kabuki.analyze.gelman_rubin
m_va,v_subj(1.0).4,1.0011187820770673,kabuki.analyze.gelman_rubin
m_va,v_subj(0.0).12,1.001112290861099,kabuki.analyze.gelman_rubin
m_va,v_subj(1.0).5,1.0011037162598555,kabuki.analyze.gelman_rubin
m_va,a_subj(0).19,1.0010957392299868,kabuki.analyze.gelman_rubin
m_va,t_subj.2,1.001070710432822,kabuki.analyze.gelman_rubin
m_va,v_subj(0.1).21,1.0010605347689103,kabuki.analyze.gelman_rubin
m_va,t_subj.15,1.0010383477379454,kabuki.analyze.gelman_rubin
m_va,t_subj.17,1.001037581151707,kabuki.analyze.gelman_rubin
m_va,v_subj(0.1).36,1.0010372291918246,kabuki.analyze.gelman_rubin
m_va,t_subj.11,1.001011670166635,kabuki.analyze.gelman_rubin
m_va,a_subj(0).21,1.0010064920973105,kabuki.analyze.gelman_rubin
m_va,v_subj(1.0).18,1.001001589925185,kabuki.analyze.gelman_rubin
m_va,a(1),1.0009938194654455,kabuki.analyze.gelman_rubin
m_va,t_subj.5,1.0009858479423366,kabuki.analyze.gelman_rubin
m_va,v_subj(0.0).5,1.000969818391077,kabuki.analyze.gelman_rubin
m_va,v_subj(0.1).9,1.0009405153945696,kabuki.analyze.gelman_rubin
m_va,v_subj(1.1).30,1.0009389378214104,kabuki.analyze.gelman_rubin
m_va,v_subj(0.0).39,1.000925750919147,kabuki.analyze.gelman_rubin
m_va,a_subj(0).33,1.0009063747781455,kabuki.analyze.gelman_rubin
m_va,v_subj(0.1).34,1.0009038893551199,kabuki.analyze.gelman_rubin
m_va,t_subj.1,1.0008928666618049,kabuki.analyze.gelman_rubin
m_va,v_subj(1.1).1,1.000883615821471,kabuki.analyze.gelman_rubin
m_va,v_subj(0.0).17,1.0008182821075509,kabuki.analyze.gelman_rubin
m_va,v_subj(0.0).2,1.0008019811656554,kabuki.analyze.gelman_rubin
m_va,v_subj(0.1).35,1.0007939883692047,kabuki.analyze.gelman_rubin
m_va,a_subj(0).6,1.0007803897967855,kabuki.analyze.gelman_rubin
m_va,v_subj(0.1).13,1.000777499932387,kabuki.analyze.gelman_rubin
m_va,v_subj(0.0).14,1.0007454550696622,kabuki.analyze.gelman_rubin
m_va,a_subj(1).39,1.000738807579931,kabuki.analyze.gelman_rubin
m_va,a_subj(0).28,1.0007300542295705,kabuki.analyze.gelman_rubin
m_va,a_subj(1).5,1.0007290454835085,kabuki.analyze.gelman_rubin
m_va,a_subj(0).5,1.0007164207142678,kabuki.analyze.gelman_rubin
m_va,v_subj(0.0).18,1.0007142806403848,kabuki.analyze.gelman_rubin
m_va,v_subj(1.1).31,1.0007111656743184,kabuki.analyze.gelman_rubin
m_va,a_subj(1).1,1.000709775301741,kabuki.analyze.gelman_rubin
m_va,a_subj(0).36,1.0006993613033137,kabuki.analyze.gelman_rubin
m_va,v_subj(1.0).38,1.000685009846576,kabuki.analyze.gelman_rubin
m_va,v_subj(0.0).34,1.0006542608747568,kabuki.analyze.gelman_rubin
m_va,v_subj(0.0).4,1.000652172394995,kabuki.analyze.gelman_rubin
m_va,v_subj(1.0).10,1.0006418460061315,kabuki.analyze.gelman_rubin
m_va,v_subj(1.0).12,1.0006324462392882,kabuki.analyze.gelman_rubin
m_va,v_subj(1.0).19,1.0006191765182049,kabuki.analyze.gelman_rubin
m_va,a(0),1.0006058191536427,kabuki.analyze.gelman_rubin
m_va,v_subj(1.1).32,1.0005997686818109,kabuki.analyze.gelman_rubin
m_va,v_subj(1.0).14,1.000584612361506,kabuki.analyze.gelman_rubin
m_va,a_subj(0).24,1.0005684624432438,kabuki.analyze.gelman_rubin
m_va,v_subj(1.0).29,1.0005546594015815,kabuki.analyze.gelman_rubin
m_va,v_subj(1.1).11,1.0005445146044312,kabuki.analyze.gelman_rubin
m_va,a_subj(0).7,1.0005430105538027,kabuki.analyze.gelman_rubin
m_va,v_subj(0.0).28,1.0005283890146663,kabuki.analyze.gelman_rubin
m_va,a_subj(0).30,1.000507117288591,kabuki.analyze.gelman_rubin
m_va,a_subj(0).18,1.0005037179830307,kabuki.analyze.gelman_rubin
m_va,v_subj(1.1).39,1.00050116715728,kabuki.analyze.gelman_rubin
m_va,a_subj(1).11,1.000487164893063,kabuki.analyze.gelman_rubin
m_va,a_subj(0).9,1.0004540633383783,kabuki.analyze.gelman_rubin
m_va,v_subj(0.0).29,1.000451482428177,kabuki.analyze.gelman_rubin
m_va,a_subj(1).36,1.0004513400675596,kabuki.analyze.gelman_rubin
m_va,v_subj(0.1).32,1.0004324135496507,kabuki.analyze.gelman_rubin
m_va,v_subj(0.1).3,1.0004306053882899,kabuki.analyze.gelman_rubin
m_va,v_subj(0.1).1,1.0004089063441406,kabuki.analyze.gelman_rubin
m_va,a_subj(1).29,1.0004079075684675,kabuki.analyze.gelman_rubin
m_va,a_subj(1).17,1.0004011690932841,kabuki.analyze.gelman_rubin
m_va,v_subj(1.0).37,1.0003923330260716,kabuki.analyze.gelman_rubin
m_va,a_subj(1).15,1.000384627104412,kabuki.analyze.gelman_rubin
m_va,v_subj(1.1).14,1.0003812111150676,kabuki.analyze.gelman_rubin
m_va,v_subj(1.1).16,1.0003811935717928,kabuki.analyze.gelman_rubin
m_va,a_subj(1).6,1.0003728322657353,kabuki.analyze.gelman_rubin
m_va,a_subj(1).2,1.000357581881669,kabuki.analyze.gelman_rubin
m_va,a_subj(1).38,1.0003553833152228,kabuki.analyze.gelman_rubin
m_va,v_subj(1.0).35,1.000353712488368,kabuki.analyze.gelman_rubin
m_va,v_subj(0.1).40,1.0003509984060743,kabuki.analyze.gelman_rubin
m_va,v_subj(0.1).14,1.0003433158599622,kabuki.analyze.gelman_rubin
m_va,a_subj(1).3,1.0003308268980478,kabuki.analyze.gelman_rubin
m_va,a_subj(0).16,1.00032642959588,kabuki.analyze.gelman_rubin
m_va,a_subj(0).13,1.0003182576156877,kabuki.analyze.gelman_rubin
m_va,v_subj(0.0).33,1.0003158323838428,kabuki.analyze.gelman_rubin
m_va,v_subj(0.1).23,1.0003020350218366,kabuki.analyze.gelman_rubin
m_va,v_subj(0.0).30,1.0002981512331877,kabuki.analyze.gelman_rubin
m_va,v_subj(0.0).31,1.0002740192599109,kabuki.analyze.gelman_rubin
m_va,a_subj(1).40,1.0002609587500397,kabuki.analyze.gelman_rubin
m_va,v_subj(1.0).32,1.0002547600022638,kabuki.analyze.gelman_rubin
m_va,a_subj(0).3,1.000253421571074,kabuki.analyze.gelman_rubin
m_va,v_subj(0.0).23,1.0002532389470424,kabuki.analyze.gelman_rubin
m_va,t_subj.7,1.000249097377326,kabuki.analyze.gelman_rubin
m_va,v_subj(1.0).1,1.0002460242797666,kabuki.analyze.gelman_rubin
m_va,t,1.000231738806477,kabuki.analyze.gelman_rubin
m_va,v_subj(0.1).37,1.000231652068751,kabuki.analyze.gelman_rubin
m_va,v_subj(0.0).37,1.0002266473819796,kabuki.analyze.gelman_rubin
m_va,v_subj(0.0).36,1.0002230690797405,kabuki.analyze.gelman_rubin
m_va,v_subj(0.1).38,1.0002215019155205,kabuki.analyze.gelman_rubin
m_va,v_subj(1.0).13,1.000220780482875,kabuki.analyze.gelman_rubin
m_va,v(0.1),1.0002200059444128,kabuki.analyze.gelman_rubin
m_va,v_subj(1.1).26,1.0001924473206982,kabuki.analyze.gelman_rubin
m_va,v_subj(1.1).19,1.0001911314235479,kabuki.analyze.gelman_rubin
m_va,v_subj(1.0).26,1.000181105906738,kabuki.analyze.gelman_rubin
m_va,v_subj(1.0).33,1.0001771367510461,kabuki.analyze.gelman_rubin
m_va,v_subj(0.1).28,1.000172872577098,kabuki.analyze.gelman_rubin
m_va,v_subj(1.1).2,1.000170393822681,kabuki.analyze.gelman_rubin
m_va,v_subj(0.0).16,1.0001590820192245,kabuki.analyze.gelman_rubin
m_va,t_subj.12,1.000150013475061,kabuki.analyze.gelman_rubin
m_va,v_subj(1.0).34,1.000149920562908,kabuki.analyze.gelman_rubin
m_va,v_subj(0.1).11,1.0001484448722868,kabuki.analyze.gelman_rubin
m_va,t_subj.35,1.0001476280519404,kabuki.analyze.gelman_rubin
m_va,v_subj(0.1).16,1.000135044391105,kabuki.analyze.gelman_rubin
m_va,t_std,1.000126694499305,kabuki.analyze.gelman_rubin
m_va,v_subj(0.0).40,1.0001241985950315,kabuki.analyze.gelman_rubin
m_va,v_subj(1.0).11,1.0001199211185607,kabuki.analyze.gelman_rubin
m_va,a_subj(1).35,1.0001168324047263,kabuki.analyze.gelman_rubin
m_va,v_subj(0.1).18,1.0001123112386883,kabuki.analyze.gelman_rubin
m_va,v_subj(1.0).20,1.0001097331006468,kabuki.analyze.gelman_rubin
m_va,v_subj(0.0).13,1.0001052852559158,kabuki.analyze.gelman_rubin
m_va,v_subj(1.1).20,1.0000994692097847,kabuki.analyze.gelman_rubin
m_va,t_subj.3,1.0000965581823165,kabuki.analyze.gelman_rubin
m_va,v_subj(1.1).38,1.000092130947229,kabuki.analyze.gelman_rubin
m_va,v_subj(1.1).18,1.000090157594433,kabuki.analyze.gelman_rubin
m_va,v_subj(0.0).7,1.0000853857041816,kabuki.analyze.gelman_rubin
m_va,v_subj(0.1).8,1.0000834111944414,kabuki.analyze.gelman_rubin
m_va,t_subj.24,1.0000813607951742,kabuki.analyze.gelman_rubin
m_va,a_subj(1).19,1.0000759758544897,kabuki.analyze.gelman_rubin
m_va,t_subj.33,1.000066413398734,kabuki.analyze.gelman_rubin
m_va,v_subj(1.0).16,1.0000652086686412,kabuki.analyze.gelman_rubin
m_va,v_std,1.0000564548301065,kabuki.analyze.gelman_rubin
m_va,v_subj(0.1).29,1.0000564518222324,kabuki.analyze.gelman_rubin
m_va,t_subj.34,1.0000536398298092,kabuki.analyze.gelman_rubin
m_va,t_subj.9,1.0000533191736223,kabuki.analyze.gelman_rubin
m_va,v_subj(0.0).26,1.0000488620633925,kabuki.analyze.gelman_rubin
m_va,a_subj(0).1,1.0000418993457816,kabuki.analyze.gelman_rubin
m_va,v_subj(0.0).20,1.000041258896627,kabuki.analyze.gelman_rubin
m_va,v_subj(0.1).12,1.0000407239025881,kabuki.analyze.gelman_rubin
m_va,v_subj(0.1).39,1.0000246359176856,kabuki.analyze.gelman_rubin
m_va,v_subj(1.1).17,1.0000245029126469,kabuki.analyze.gelman_rubin
m_va,t_subj.20,1.0000201815978216,kabuki.analyze.gelman_rubin
m_va,v_subj(1.0).2,1.0000150231112332,kabuki.analyze.gelman_rubin
m_va,a_subj(0).26,1.0000144680084249,kabuki.analyze.gelman_rubin
m_va,v_subj(0.0).6,1.0000126431618308,kabuki.analyze.gelman_rubin
m_va,v_subj(1.1).3,1.0000110577629713,kabuki.analyze.gelman_rubin
m_va,v_subj(0.0).9,1.0000089726491035,kabuki.analyze.gelman_rubin
m_va,t_subj.36,1.0000065944578886,kabuki.analyze.gelman_rubin
m_va,v_subj(1.1).40,0.9999874880296593,kabuki.analyze.gelman_rubin
m_va,v_subj(0.0).35,0.9999851274701655,kabuki.analyze.gelman_rubin
m_va,v_subj(1.1).5,0.9999825006817812,kabuki.analyze.gelman_rubin
m_va,v_subj(1.0).15,0.9999802545667648,kabuki.analyze.gelman_rubin
m_va,v_subj(1.0).30,0.9999796545589825,kabuki.analyze.gelman_rubin
m_va,v_subj(1.0).7,0.9999706845623568,kabuki.analyze.gelman_rubin
m_va,v_subj(1.1).6,0.9999679845582082,kabuki.analyze.gelman_rubin
m_va,t_subj.23,0.999963055494613,kabuki.analyze.gelman_rubin
m_va,v_subj(0.1).17,0.9999570367816419,kabuki.analyze.gelman_rubin
m_va,a_subj(1).7,0.9999463397346849,kabuki.analyze.gelman_rubin
m_va,t_subj.4,0.9999432729506553,kabuki.analyze.gelman_rubin
m_va,v_subj(1.0).17,0.9999399520515251,kabuki.analyze.gelman_rubin
m_va,a_subj(1).10,0.9999387133219012,kabuki.analyze.gelman_rubin
m_va,v_subj(0.0).3,0.9999357609405886,kabuki.analyze.gelman_rubin
m_va,v_subj(1.0).24,0.9999344710136716,kabuki.analyze.gelman_rubin
m_va,v_subj(1.1).4,0.9999328778961207,kabuki.analyze.gelman_rubin
m_va,a_std,0.9999180042952627,kabuki.analyze.gelman_rubin
m_va,v_subj(1.1).10,0.9999112033820404,kabuki.analyze.gelman_rubin
m_va,v_subj(1.0).36,0.99990959407836,kabuki.analyze.gelman_rubin
m_va,t_subj.10,0.9999085352816356,kabuki.analyze.gelman_rubin
m_va,v_subj(0.0).10,0.9999065898537921,kabuki.analyze.gelman_rubin
m_va,v_subj(0.1).20,0.9999032383991446,kabuki.analyze.gelman_rubin
m_va,v_subj(0.1).15,0.9998987440310718,kabuki.analyze.gelman_rubin
m_va,v_subj(0.0).24,0.9998890895696005,kabuki.analyze.gelman_rubin
m_va,a_subj(1).23,0.999884617365428,kabuki.analyze.gelman_rubin
m_va,a_subj(1).4,0.9998749069317027,kabuki.analyze.gelman_rubin
m_va,v_subj(1.1).35,0.9998703060913235,kabuki.analyze.gelman_rubin
m_va,a_subj(1).13,0.9998618976113002,kabuki.analyze.gelman_rubin
m_va,v_subj(1.1).21,0.9998575240404567,kabuki.analyze.gelman_rubin
m_va,t_subj.26,0.9998567796401874,kabuki.analyze.gelman_rubin
m_va,v_subj(1.0).23,0.9998491253901435,kabuki.analyze.gelman_rubin
m_va,v_subj(0.1).4,0.9998429497772784,kabuki.analyze.gelman_rubin
m_va,v_subj(0.0).11,0.999837882380148,kabuki.analyze.gelman_rubin
m_va,v_subj(1.1).33,0.99983629226354,kabuki.analyze.gelman_rubin
m_va,v_subj(1.0).9,0.9998355344252134,kabuki.analyze.gelman_rubin
m_va,v_subj(1.1).12,0.9998311144562679,kabuki.analyze.gelman_rubin
m_va,a_subj(1).34,0.9998309637247385,kabuki.analyze.gelman_rubin
m_va,t_subj.6,0.9998250943126944,kabuki.analyze.gelman_rubin
m_va,a_subj(0).32,0.9998174002484298,kabuki.analyze.gelman_rubin
m_va,v_subj(1.0).6,0.9998163006478178,kabuki.analyze.gelman_rubin
m_va,v_subj(1.0).40,0.9998152163676511,kabuki.analyze.gelman_rubin
m_va,a_subj(1).12,0.9998118336066834,kabuki.analyze.gelman_rubin
m_va,v_subj(0.1).33,0.9998107961416545,kabuki.analyze.gelman_rubin
m_va,v_subj(0.1).5,0.9998090365072376,kabuki.analyze.gelman_rubin
m_va,v_subj(0.1).10,0.9998090093152461,kabuki.analyze.gelman_rubin
m_va,v_subj(1.1).29,0.9997980093497039,kabuki.analyze.gelman_rubin
m_va,a_subj(0).15,0.9997966008119176,kabuki.analyze.gelman_rubin
m_va,a_subj(1).16,0.9997940553488572,kabuki.analyze.gelman_rubin
m_va,a_subj(0).40,0.9997918669744642,kabuki.analyze.gelman_rubin
m_va,v_subj(1.1).9,0.9997911405545947,kabuki.analyze.gelman_rubin
m_va,a_subj(0).10,0.9997893280778001,kabuki.analyze.gelman_rubin
m_va,v_subj(0.0).21,0.9997852352356937,kabuki.analyze.gelman_rubin
m_va,t_subj.30,0.9997761957563996,kabuki.analyze.gelman_rubin
m_va,v_subj(0.0).1,0.9997743711946493,kabuki.analyze.gelman_rubin
m_va,v_subj(1.1).24,0.9997738139461012,kabuki.analyze.gelman_rubin
m_va,v_subj(0.1).26,0.9997735861394264,kabuki.analyze.gelman_rubin
m_va,v_subj(0.1).19,0.9997708947646134,kabuki.analyze.gelman_rubin
m_va,a_subj(0).17,0.9997660078496821,kabuki.analyze.gelman_rubin
m_va,a_subj(1).26,0.9997574714590679,kabuki.analyze.gelman_rubin
m_va,v(1.0),0.9997553750989724,kabuki.analyze.gelman_rubin
m_va,a_subj(0).35,0.9997546012547023,kabuki.analyze.gelman_rubin
m_va,v_subj(0.1).24,0.9997516490397782,kabuki.analyze.gelman_rubin
m_va,t_subj.18,0.9997497683373742,kabuki.analyze.gelman_rubin
m_va,v_subj(1.0).28,0.9997481246422534,kabuki.analyze.gelman_rubin
m_va,v_subj(1.1).36,0.9997398829342842,kabuki.analyze.gelman_rubin
m_va,a_subj(1).33,0.999738142530507,kabuki.analyze.gelman_rubin
m_va,a_subj(0).20,0.9997327731734358,kabuki.analyze.gelman_rubin
m_va,a_subj(0).34,0.9997318215509043,kabuki.analyze.gelman_rubin
m_va,v_subj(1.1).23,0.9997300027970204,kabuki.analyze.gelman_rubin
m_va,a_subj(0).38,0.999718198747218,kabuki.analyze.gelman_rubin
m_va,v_subj(0.0).15,0.9997177406155988,kabuki.analyze.gelman_rubin
m_va,v_subj(0.0).19,0.9997173390423387,kabuki.analyze.gelman_rubin
m_va,v_subj(1.1).13,0.9997006401728643,kabuki.analyze.gelman_rubin
m_va,t_subj.13,0.9996949102298913,kabuki.analyze.gelman_rubin
m_va,v(0.0),0.9996934259743542,kabuki.analyze.gelman_rubin
m_va,v_subj(0.0).32,0.999691207145593,kabuki.analyze.gelman_rubin
m_va,v_subj(0.1).30,0.9996910544840335,kabuki.analyze.gelman_rubin
m_va,v_subj(1.1).15,0.9996776465414566,kabuki.analyze.gelman_rubin
m_va,v_subj(1.0).3,0.9996771989966977,kabuki.analyze.gelman_rubin
m_va,t_subj.38,0.9996682111371817,kabuki.analyze.gelman_rubin
m_va,a_subj(1).24,0.9996654965129813,kabuki.analyze.gelman_rubin
m_va,a_subj(1).18,0.9996582435296534,kabuki.analyze.gelman_rubin
m_va,a_subj(0).23,0.9996533825786169,kabuki.analyze.gelman_rubin
m_va,t_subj.40,0.9996525951158025,kabuki.analyze.gelman_rubin
m_va,v_subj(1.1).7,0.9996516560010921,kabuki.analyze.gelman_rubin
m_va,v_subj(0.0).38,0.9996387531424776,kabuki.analyze.gelman_rubin
m_va,a_subj(1).30,0.9996358854441919,kabuki.analyze.gelman_rubin
m_va,v_subj(0.1).7,0.9996336038058674,kabuki.analyze.gelman_rubin
m_va,v_subj(0.1).6,0.9996227449785596,kabuki.analyze.gelman_rubin
m_va,v_subj(1.0).21,0.9996118231615658,kabuki.analyze.gelman_rubin
m_va,a_subj(1).20,0.9996114519956679,kabuki.analyze.gelman_rubin
m_va,v_subj(1.1).34,0.9996061277048607,kabuki.analyze.gelman_rubin
m_va,v_subj(0.1).2,0.9996046934096806,kabuki.analyze.gelman_rubin
