model,reward,congruency,metric,observed,pred_mean,pred_median,pred_2.5,pred_97.5,observed_in_95,abs_error_from_pred_mean,n_predictive_replicates
m_va,0,0,accuracy,0.9256477656778069,0.9629411764705884,0.9411764705882353,0.8823529411764706,1.0,True,0.03729341079278148,400
m_va,0,0,correct_mean_rt_ms,531.4896957391943,504.779003955716,489.27774230639136,449.9752841889858,582.1609219207484,True,26.710691783478296,400
m_va,0,0,error_mean_rt_ms,606.3813131371573,591.8908538694066,545.0701117515564,400.52467584609985,980.6061387062073,True,14.490459267750794,211
m_va,0,0,correct_q10_ms,375.9999999998602,402.39506109803915,400.60127079486847,377.4678945541382,437.8406831622124,False,26.395061098178928,400
m_va,0,0,error_q10_ms,355.62999998331065,570.3042596719841,527.3874282836914,400.52467584609985,980.6061387062073,False,214.6742596886735,211
m_va,0,0,correct_q30_ms,421.019999998808,439.9843652918935,425.9014666080475,404.2769692838192,525.0680659711361,True,18.964365293085507,400
m_va,0,0,error_q30_ms,412.1300000011921,581.0975567706953,539.4923686981201,400.52467584609985,980.6061387062073,True,168.96755676950318,211
m_va,0,0,correct_q50_ms,465.40000000596,479.042192697525,460.8166813850403,424.5277639478445,576.0453470051289,True,13.642192691565015,400
m_va,0,0,error_q50_ms,481.4000000953675,591.8908538694066,545.0701117515564,400.52467584609985,980.6061387062073,True,110.49085377403907,211
m_va,0,0,correct_q70_ms,533.5,521.974473439157,504.6103984117508,454.2845495045185,626.5064913034439,True,11.52552656084299,400
m_va,0,0,error_q70_ms,628.6300000429155,602.6841509681177,550.4536956548691,400.52467584609985,980.6061387062073,True,25.94584907479782,211
m_va,0,0,correct_q90_ms,731.2799999235659,640.3730521425605,628.1952261924744,529.8464730381966,765.5733938515184,True,90.90694778100544,400
m_va,0,0,error_q90_ms,1078.3800000041726,613.477448066829,559.9120259284973,400.52467584609985,980.6061387062073,False,464.9025519373437,211
m_va,0,1,accuracy,0.8978595568907247,0.9535714285714286,0.9523809523809523,0.8571428571428571,1.0,True,0.055711871680703906,400
m_va,0,1,correct_mean_rt_ms,560.8457549153496,518.7863419816435,509.61296181929737,473.32914385944605,600.6093502754256,True,42.059412933706085,400
m_va,0,1,error_mean_rt_ms,648.6808823563675,551.6404264890556,525.4448652267456,398.1927126646042,966.5105342864985,True,97.04045586731195,282
m_va,0,1,correct_q10_ms,379.5,403.1187424734235,397.92068749666214,378.4309645742178,450.21947622299194,True,23.61874247342348,400
m_va,0,1,error_q10_ms,362.59999999999997,513.3521685046508,483.178973197937,397.4267616868019,966.5105342864985,False,150.7521685046508,282
m_va,0,1,correct_q30_ms,427.0,442.43080136179924,426.4643609523773,403.87834802269936,542.7052944898605,True,15.43080136179924,400
m_va,0,1,error_q30_ms,438.3,529.1556159972299,489.5470440387726,397.4267616868019,966.5105342864985,True,90.8556159972299,282
m_va,0,1,correct_q50_ms,477.0,489.219137057662,472.89422899484634,432.5758248567581,594.3090230226517,True,12.21913705766201,400
m_va,0,1,error_q50_ms,546.8499999940395,544.9040990243567,502.7622729539871,397.99285531044006,966.5105342864985,True,1.9459009696828389,282
m_va,0,1,correct_q70_ms,563.0,548.133652344346,542.209666967392,472.1145585179329,651.0290920734406,True,14.866347655653954,400
m_va,0,1,error_q70_ms,678.4299999982121,568.5120650956817,528.1552135944366,398.1927126646042,966.5808144211765,True,109.91793490253042,282
m_va,0,1,correct_q90_ms,827.0,666.6907718032598,663.2285118103027,572.089831084013,803.9074686169624,False,160.30922819674015,400
m_va,0,1,error_q90_ms,1287.1800000190722,592.7352704160602,530.4359197616577,398.1927126646042,966.870810687542,False,694.444729603012,282
m_va,1,0,accuracy,0.9353626456219466,0.9255555555555557,0.9444444444444444,0.8333333333333334,1.0,True,0.009807090066390911,400
m_va,1,0,correct_mean_rt_ms,492.45235034123783,502.6652260386088,484.09882275497216,452.11254154496334,589.7218739723457,True,10.212875697370976,400
m_va,1,0,error_mean_rt_ms,590.3209302323385,518.7239097250622,490.3216361999512,394.98477205634117,959.9767237901688,True,71.59702050727628,378
m_va,1,0,correct_q10_ms,356.079999995232,390.8114972859621,387.3804450035095,369.96252313256264,420.03891468048096,False,34.73149729073009,400
m_va,1,0,error_q10_ms,331.5,481.48456212704775,471.68052196502686,393.1258462369442,959.9767237901688,False,149.98456212704775,378
m_va,1,0,correct_q30_ms,400.0,429.7282859906554,418.5341402888298,393.96654322743416,535.5130517482758,True,29.728285990655422,400
m_va,1,0,error_q30_ms,392.299999999639,496.5675677256609,474.994421005249,393.5344658792019,959.9767237901688,False,104.26756772602192,378
m_va,1,0,correct_q50_ms,433.0,474.490621201694,452.75846123695374,419.4576770067215,577.9904119670391,True,41.49062120169401,400
m_va,1,0,error_q50_ms,448.25000000000006,511.67570432973287,481.35361075401306,394.57951188087463,959.9767237901688,True,63.42570432973281,378
m_va,1,0,correct_q70_ms,489.1999999344346,526.7896339148283,506.0827136039734,453.4685209393501,653.7615525722504,True,37.58963398039373,400
m_va,1,0,error_q70_ms,568.7300004005434,535.0845478356831,495.258629322052,394.98477205634117,959.9767237901688,True,33.64545256486031,378
m_va,1,0,correct_q90_ms,662.0,644.5871958881617,629.912006855011,531.9531507790089,786.5982301533222,True,17.41280411183834,400
m_va,1,0,error_q90_ms,1239.250000035759,558.8611092674669,499.0758091211319,395.79498417675495,959.9767237901688,False,680.3888907682922,378
m_va,1,1,accuracy,0.9117867867867868,0.90171875,0.9375,0.75,1.0,True,0.010068036786786805,400
m_va,1,1,correct_mean_rt_ms,512.8932070800925,484.4468039678697,482.23656628813063,451.26303471979645,533.0799587070942,True,28.446403112222754,400
m_va,1,1,error_mean_rt_ms,632.5000000020927,562.0344535094218,525.8225798606873,410.1916253566742,963.1654024124146,True,70.46554649267091,361
m_va,1,1,correct_q10_ms,356.0,385.23250910639763,383.08188021183014,369.4473326206207,409.52550545334816,False,29.23250910639763,400
m_va,1,1,error_q10_ms,356.439999997616,511.41926575235385,484.0502142906189,396.3167041540146,963.1654024124146,False,154.97926575473787,361
m_va,1,1,correct_q30_ms,401.0,412.9575188681483,412.447053194046,386.8397608399391,446.7448334395885,True,11.957518868148327,400
m_va,1,1,error_q30_ms,413.0,534.4479625079771,509.29319858551025,410.1916253566742,963.1654024124146,True,121.44796250797708,361
m_va,1,1,correct_q50_ms,442.90000000596,444.8323270305991,443.2935118675232,411.0458120703697,486.4010527729988,True,1.9323270246391075,400
m_va,1,1,error_q50_ms,473.5,557.9719529009922,524.345874786377,410.1916253566742,963.1654024124146,True,84.47195290099216,361
m_va,1,1,correct_q70_ms,509.7599999964235,497.0734243914485,495.58770656585693,443.5024282336235,571.6139471530914,True,12.686575604975019,400
m_va,1,1,error_q70_ms,585.9199999809266,586.0282880777797,539.077639579773,410.1916253566742,963.1654024124146,True,0.1082880968531299,361
m_va,1,1,correct_q90_ms,723.6000000000001,613.3395145609975,605.3539276123047,504.6470809727907,816.5418173372742,True,110.26048543900265,400
m_va,1,1,error_q90_ms,1270.10000002384,614.5690994084376,559.0723365545273,410.1916253566742,973.391056060791,False,655.5309006154024,361
