model,chain,sample,reward_rt_effect_ms,congruency_rt_effect_ms
m_va,1,0,25.73666846812887,-13.708283804883877
m_va,1,1,20.062866658881717,-18.93864707513285
m_va,1,2,21.490265925725225,-34.65047749606049
m_va,1,3,29.581262869803822,-14.78079164071994
m_va,1,4,53.34467549581791,-28.657777875715055
m_va,1,5,37.15672147901432,-18.84016384597578
m_va,1,6,-14.496618449085872,-13.071491561754783
m_va,1,7,45.957870302307015,-23.96210381651622
m_va,1,8,37.722842421448036,-16.950575744404546
m_va,1,9,20.57714500682539,-22.58239558992534
m_va,1,10,12.342892391116948,-30.58261360440929
m_va,1,11,47.61390801933078,-0.9611592148289674
m_va,1,12,38.12332593018414,2.0547658705911545
m_va,1,13,7.007373443497386,10.746382176876068
m_va,1,14,4.308690145986702,-34.07885901855707
m_va,1,15,37.69780033164557,-17.57455014568916
m_va,1,16,-0.7651813883551313,9.366785291752763
m_va,1,17,60.791358032297694,-4.449105623996616
m_va,1,18,26.173897631504246,-7.825596693183229
m_va,1,19,44.34830190842604,-30.82472436568321
m_va,1,20,28.157250975307647,-26.923757265595896
m_va,1,21,44.60465115665738,-29.43011071805222
m_va,1,22,13.028066410674683,-28.426254417169503
m_va,1,23,4.536428483756822,-42.50648822270182
m_va,1,24,53.37866832289774,-30.79764019040499
m_va,1,25,25.933657485280833,21.526970894508054
m_va,1,26,48.80328881786238,12.853639030998352
m_va,1,27,-5.95203826019349,-57.24416240226344
m_va,1,28,78.7499599091642,1.1940699688252607
m_va,1,29,12.36267801584711,11.988541415703821
m_va,1,30,26.49441990587445,-19.90569673259472
m_va,1,31,-29.66773676636967,-18.759585569180217
m_va,1,32,39.105120052443226,-27.22566584108563
m_va,1,33,11.595603617790516,-0.4952067837995173
m_va,1,34,24.565859367181588,-39.4961280406265
m_va,1,35,16.189228494962094,-47.99863257828872
m_va,1,36,14.068818458339592,-20.423608399056775
m_va,1,37,25.28151043674393,-50.15264889773198
m_va,1,38,45.25622202638999,23.24480793692851
m_va,1,39,52.549419164008555,-13.730287020644141
m_va,1,40,41.00925436145383,-29.379678999676457
m_va,1,41,57.51044228546482,-12.748909096757984
m_va,1,42,-0.13965640116384748,-26.343088709946755
m_va,1,43,51.90836656511874,-9.453444640873727
m_va,1,44,15.888139504325864,-57.32434677476647
m_va,1,45,49.12966336752913,-49.025529872712355
m_va,1,46,56.72576433695599,-0.8407673415015324
m_va,1,47,23.252994144285026,-66.05036245947855
m_va,1,48,19.138176269359406,-0.06644688546657562
m_va,1,49,57.06862197059934,-13.490667313086874
m_va,1,50,32.13712024061306,-38.907711465515945
m_va,1,51,14.790491894223578,-23.39992179151841
m_va,1,52,73.34432648479032,23.702919257789063
m_va,1,53,52.11899608105159,-10.938631128287398
m_va,1,54,-6.549872369434297,-13.525959849357605
m_va,1,55,24.943431111069344,-20.24322543658468
m_va,1,56,16.047141738008577,-24.416934917954904
m_va,1,57,14.444063943729134,-57.61218246291662
m_va,1,58,62.234078896673054,-5.930686698240493
m_va,1,59,67.70914588962586,-36.33492834427773
m_va,1,60,73.00144260894587,12.727662070974816
m_va,1,61,47.941531361760326,-34.659988580540585
m_va,1,62,29.72812372492831,-21.087347712867654
m_va,1,63,47.56176355056198,-19.50885256861943
m_va,1,64,57.15774537628681,33.897550381494284
m_va,1,65,70.64919729554464,-37.30092839295094
m_va,1,66,71.47025487722487,-23.289725459924284
m_va,1,67,60.738532780646324,10.471610467105279
m_va,1,68,21.85912470852179,-0.48286562084945217
m_va,1,69,56.092251748008835,-13.870613008684359
m_va,1,70,64.29213027395497,-22.544278367226866
m_va,1,71,61.47929063293333,-23.741253317996097
m_va,1,72,21.300543627748084,-8.926501017854093
m_va,1,73,25.82194374869357,-47.51502786363869
m_va,1,74,53.69159184597629,47.95361871698071
m_va,1,75,40.92888543163053,-3.502389672514596
m_va,1,76,-2.4282754800748307,-27.241816123326657
m_va,1,77,1.024742561735593,-25.272688834495852
m_va,1,78,34.636488852200216,3.5681023582843636
m_va,1,79,63.00454903067197,-22.454764913110125
m_va,1,80,2.22618019942081,-30.028489728768704
m_va,1,81,9.709283384740502,-9.137930238948115
m_va,1,82,24.322041206889708,-37.98174485564232
m_va,1,83,49.67405290424881,-9.056374430656433
m_va,1,84,27.561002875307622,-1.8468702431110842
m_va,1,85,35.624263642487676,14.478975306007783
m_va,1,86,8.359392475638856,-27.621466102022055
m_va,1,87,18.249923199938053,-47.471028916976024
m_va,1,88,30.816147778485288,23.578181437842545
m_va,1,89,25.952874584809706,-6.498586702970101
m_va,1,90,56.649943183541666,1.352676409570563
m_va,1,91,29.39464428968597,-11.222448906341128
m_va,1,92,66.65774655009523,-28.74295110310311
m_va,1,93,88.61992537403694,10.730521643862971
m_va,1,94,23.301134694803977,-30.657152441096173
m_va,1,95,19.200756064127745,-16.320190088634263
m_va,1,96,-0.40006780478881865,-29.06053820077102
m_va,1,97,77.7372627311629,-22.462088050264356
m_va,1,98,54.159988505975775,-14.953918529279349
m_va,1,99,56.72437217500476,-55.402680779948355
m_va,2,0,17.738450425011763,5.713435905900894
m_va,2,1,29.43731985802441,0.12630893086844708
m_va,2,2,-7.1456846828285165,-13.373932152083455
m_va,2,3,5.549722616308429,-3.3652995979797424
m_va,2,4,39.640443049856515,11.142184139426888
m_va,2,5,27.18608774089273,6.566040288565091
m_va,2,6,7.160461671424628,21.12218692538238
m_va,2,7,2.6228714169877776,-13.996182249919059
m_va,2,8,18.84917361552226,6.55263141893289
m_va,2,9,7.797905944642594,5.704181805027247
m_va,2,10,5.852328171352838,12.654785676436006
m_va,2,11,45.317187232355934,46.258720484646915
m_va,2,12,13.620392907233509,18.125533576934572
m_va,2,13,44.972216410021645,44.817030570949555
m_va,2,14,31.343035896619142,64.7755461361478
m_va,2,15,24.919901537211558,17.150810493954566
m_va,2,16,-2.074972015296339,5.199510385008409
m_va,2,17,3.780236414500621,16.000344220435977
m_va,2,18,23.720763175945592,14.421803685577004
m_va,2,19,20.72974237428832,19.52833474120672
m_va,2,20,8.742718369353042,12.780241668224335
m_va,2,21,16.07092746666501,8.805462808320044
m_va,2,22,12.024488761311488,51.41927103955561
m_va,2,23,0.7862661566053362,-2.060749301195642
m_va,2,24,57.889949237661654,59.633587744359204
m_va,2,25,19.76563831170398,39.16467604646192
m_va,2,26,8.577217356756023,-5.090415534303531
m_va,2,27,30.500561053851754,11.841276605777864
m_va,2,28,17.119353441965018,20.37350154805233
m_va,2,29,21.65971690331702,7.871438418665264
m_va,2,30,22.586494593909265,-6.198921871762138
m_va,2,31,-3.180925559495165,4.997951340856332
m_va,2,32,-3.57628876254671,11.249346937807502
m_va,2,33,-12.191361851162355,-6.343052996432107
m_va,2,34,10.630754237415431,-5.357455462217331
m_va,2,35,3.2167840445064257,-7.082244420187294
m_va,2,36,18.41756870732104,7.350991892092168
m_va,2,37,49.683258023731526,40.33090018090746
m_va,2,38,8.88120265766787,11.468753218650818
m_va,2,39,0.12954420644069842,7.453103370854421
m_va,2,40,-0.6105056830814988,-13.02722655236721
m_va,2,41,3.171194593111693,33.326395837942016
m_va,2,42,-11.941344987961543,-25.26853041666925
m_va,2,43,6.2094865467747695,25.61660365857921
m_va,2,44,0.5704951127973459,10.178108022294282
m_va,2,45,27.48926798238699,24.96479822064714
m_va,2,46,7.582660437804691,17.49601164870944
m_va,2,47,2.1089032078729133,13.670461913056101
m_va,2,48,37.502827672731314,11.07084711618495
m_va,2,49,3.6853144566218248,5.983556620776653
m_va,2,50,14.295697649203419,24.893456138670444
m_va,2,51,17.22517422978291,23.88554345816374
m_va,2,52,23.530182834812877,26.765803315422772
m_va,2,53,-9.14228680160113,17.567242933985085
m_va,2,54,10.419435302416503,1.550468916614193
m_va,2,55,27.43576215993005,18.13601762901186
m_va,2,56,18.448857838297158,71.52377109901573
m_va,2,57,17.801039748721678,33.648334097649354
m_va,2,58,18.06476840785905,46.07645775449123
m_va,2,59,14.001641912503317,-3.792706657858446
m_va,2,60,12.046716185418859,1.1404076470963673
m_va,2,61,12.826919885275004,10.7013714116286
m_va,2,62,19.447584920245674,24.899525967027444
m_va,2,63,17.154550913608432,15.16567404952741
m_va,2,64,17.51591151668913,14.298733577809571
m_va,2,65,-0.8635497739162474,13.908910565078259
m_va,2,66,-14.136102946672565,-9.102245171864809
m_va,2,67,0.3112340856034166,22.993918508291245
m_va,2,68,-10.446133358137956,6.896629647323607
m_va,2,69,71.46748092866716,55.240678967851636
m_va,2,70,25.117776973950868,42.36596811428467
m_va,2,71,7.275242303662424,0.063975779887528
m_va,2,72,40.96621208720734,44.61293760687113
m_va,2,73,10.808480779329955,12.163733763079506
m_va,2,74,-1.0727283411792428,13.16287988753669
m_va,2,75,27.271797488018933,9.74485622436714
m_va,2,76,2.5512728137370004,-3.722732646330712
m_va,2,77,4.559146095379219,-9.362456388771534
m_va,2,78,7.458937415329501,11.642398915308377
m_va,2,79,9.8044508338524,-3.3544272951343714
m_va,2,80,13.76729317443079,36.57310344707008
m_va,2,81,2.957119847753347,-13.463420136117008
m_va,2,82,2.297711108118449,2.970634463478973
m_va,2,83,-2.166992372700122,-9.474039688679795
m_va,2,84,7.2642091442556875,27.54193381247046
m_va,2,85,4.08548778652596,7.65768800149948
m_va,2,86,-11.75750388453406,25.908588949176988
m_va,2,87,-19.86773043651789,16.496070299280404
m_va,2,88,12.081786138670793,51.20389035312081
m_va,2,89,-6.423015884537108,15.66361212262916
m_va,2,90,-9.446979603833597,25.131004862487316
m_va,2,91,-3.5010423401699313,31.674647715783863
m_va,2,92,-20.02691716464693,5.23265742120293
m_va,2,93,-15.862805114977732,34.66530200980958
m_va,2,94,1.2427025607653945,24.049825088254067
m_va,2,95,12.23144965136754,32.624130630317836
m_va,2,96,-24.430032983860542,29.935632845223722
m_va,2,97,-12.247754791365253,32.9882530023425
m_va,2,98,0.3338203177473815,23.98328272977733
m_va,2,99,2.2253861979526732,3.256116719806869
m_va,3,0,26.80681221601037,-38.48381070863638
m_va,3,1,26.52441743361811,-29.30731336689655
m_va,3,2,68.61343200465569,9.860018353446662
m_va,3,3,57.78485940148437,-14.014377313501711
m_va,3,4,7.216945601006387,-36.61815139154595
m_va,3,5,61.607907300084435,6.054245387062906
m_va,3,6,31.645475439667848,-37.11289487222416
m_va,3,7,53.15817071217964,-13.18277856882878
m_va,3,8,16.880621286955773,-78.33689659082592
m_va,3,9,72.9113994166255,13.370459229727999
m_va,3,10,50.34719335122236,15.88702870137763
m_va,3,11,-33.194955125931756,6.418488591032883
m_va,3,12,83.15087683028997,-28.890917007935855
m_va,3,13,65.49902833802139,-4.245743593748898
m_va,3,14,3.5344790667295456,-50.64988223945397
m_va,3,15,32.77202823052278,-49.50275851620569
m_va,3,16,5.845380476628918,-0.4446170095241655
m_va,3,17,-13.223709689604277,-4.139836237888176
m_va,3,18,30.751261467996414,14.099759311457888
m_va,3,19,0.9780943784237479,7.05325481743597
m_va,3,20,59.4684634905135,-14.690746066829547
m_va,3,21,-15.09739851226675,-9.513675489208936
m_va,3,22,7.314891730611407,12.644557181645098
m_va,3,23,11.229751865282708,29.009410669884403
m_va,3,24,-3.7648206222868907,-9.27777226482118
m_va,3,25,13.470157905660471,29.23777333828582
m_va,3,26,20.623722365377716,-24.61444324805956
m_va,3,27,-30.348892127604813,16.14085297568954
m_va,3,28,34.55353404923869,-57.044371411580016
m_va,3,29,46.8852423915738,41.418238013398366
m_va,3,30,19.599333013358887,21.530366460092694
m_va,3,31,-13.545839012497026,-6.621687727815981
m_va,3,32,-8.834313394294838,-35.43381568263561
m_va,3,33,2.734271298239264,6.915173986378818
m_va,3,34,77.87996137307755,-6.6320932272709
m_va,3,35,38.97608364267012,1.7472860169282853
m_va,3,36,21.2649622189453,14.15741657899099
m_va,3,37,43.79046068242303,39.07927514391787
m_va,3,38,38.448244032233674,13.141163747118014
m_va,3,39,24.187383481434438,21.824771905261457
m_va,3,40,29.120415019057987,12.873720246202822
m_va,3,41,-46.16393366207677,47.62992035774954
m_va,3,42,-8.270250136864433,-5.016786861820378
m_va,3,43,-10.524834576025796,-7.1628865784416575
m_va,3,44,44.555578339232966,1.4716050691074543
m_va,3,45,55.108642834867965,16.209529152437426
m_va,3,46,21.03738816505347,23.219308682850453
m_va,3,47,39.916967145270746,-1.5296068261651499
m_va,3,48,25.128489540469275,27.293391419308534
m_va,3,49,-5.344606832243414,1.608655392344474
m_va,3,50,-24.67026435644243,29.911740562495083
m_va,3,51,33.12494202206534,25.020467738310515
m_va,3,52,12.416771769425964,25.04098376417471
m_va,3,53,69.95481414584435,29.896865096412796
m_va,3,54,3.605114875008951,1.900375190407317
m_va,3,55,44.88938669296533,46.97504486083176
m_va,3,56,-24.6642185907279,-42.72911088033152
m_va,3,57,68.14723602276297,67.3811645670371
m_va,3,58,-0.14538570601933998,3.642207667941136
m_va,3,59,7.440344759351603,36.15509374833215
m_va,3,60,10.662540969615065,-11.323779946615673
m_va,3,61,33.263912150001374,3.0718866622809173
m_va,3,62,42.79170084644011,26.22552581694947
m_va,3,63,40.180599464005525,32.1458818670971
m_va,3,64,-20.869421320302138,-5.904701251184633
m_va,3,65,14.980219530336797,-16.14520013833254
m_va,3,66,8.067641111696503,-5.731957170354349
m_va,3,67,36.880923334408465,-0.9478730986816686
m_va,3,68,58.781022259538474,47.713830860124745
m_va,3,69,2.558748755190095,0.9908339653919143
m_va,3,70,-5.20740215339373,-14.433401747911887
m_va,3,71,13.917853288431843,-13.063043355941772
m_va,3,72,13.841087468946853,-4.301115294464466
m_va,3,73,-24.959096777615798,-9.81188888673654
m_va,3,74,34.66106770006388,5.077456000472296
m_va,3,75,7.275753828327026,-3.171643259979362
m_va,3,76,-35.14975881335715,36.5435663141123
m_va,3,77,19.408629007098398,49.35910771874825
m_va,3,78,31.8726755817799,19.775598715333388
m_va,3,79,28.793265638708988,-25.20852404482224
m_va,3,80,36.264181633790315,16.565239221295883
m_va,3,81,68.34402856593192,-7.233965747496654
m_va,3,82,49.904196768214774,52.027938461381666
m_va,3,83,-3.7055159401562605,-4.243949429813426
m_va,3,84,49.055547795299844,20.603166152904578
m_va,3,85,32.381068034147916,-0.7982228733911825
m_va,3,86,60.554397972048946,-2.61613974551193
m_va,3,87,26.401646307118085,20.060486312395597
m_va,3,88,26.250836615626895,19.313154347015143
m_va,3,89,-0.15139153654303072,24.575611007161967
m_va,3,90,39.48979993020333,32.90304451116492
m_va,3,91,19.494551173003572,-38.94351937753311
m_va,3,92,19.169414345569862,17.7844934391253
m_va,3,93,46.84181841644079,12.747962339889114
m_va,3,94,-3.3928438236839042,13.5923934361291
m_va,3,95,39.58137362803279,53.165720365361835
m_va,3,96,4.959362765981098,12.0205471525976
m_va,3,97,-42.343999737420575,26.528548968940186
m_va,3,98,37.891427438224866,-2.54109572796591
m_va,3,99,-30.354464477139004,21.345515485219266
m_va,4,0,21.053817262832467,4.7366562085750274
m_va,4,1,-8.095693044565792,11.52923067076864
m_va,4,2,17.096357621453876,15.466187631382638
m_va,4,3,-0.9198538405266845,7.5415842172478165
m_va,4,4,2.7006531232281645,18.890543165160125
m_va,4,5,0.3015198115561475,-6.9962831104502925
m_va,4,6,10.735689586884291,-12.015199761430722
m_va,4,7,16.455128109334282,15.675830390273063
m_va,4,8,19.38651163056295,-14.34813878115483
m_va,4,9,20.523407043436066,-21.45372458866666
m_va,4,10,12.6337515604165,-5.1030981334257035
m_va,4,11,-0.9173622254181737,-3.651944028229309
m_va,4,12,5.464341088726712,-7.784800369198592
m_va,4,13,11.215789419775092,-17.736358477287922
m_va,4,14,4.828382528534064,10.644342969445631
m_va,4,15,4.710231804185469,3.867915285614174
m_va,4,16,-13.728931753171821,23.44828178356215
m_va,4,17,41.15230834262593,-37.443176788442315
m_va,4,18,-6.8252985994960795,-1.903275657100835
m_va,4,19,8.835439897469598,-12.977875481132685
m_va,4,20,18.97884454779529,-23.44206764417538
m_va,4,21,-3.6697213194872234,10.426216655307371
m_va,4,22,-27.9881130490038,13.977358738581358
m_va,4,23,-3.4260590233512858,-7.269281424394137
m_va,4,24,11.297446123340649,14.40480789717509
m_va,4,25,-5.905014613794322,-5.820996120196412
m_va,4,26,20.069919425893488,-9.443364448908028
m_va,4,27,-3.632165393546984,9.905195801086677
m_va,4,28,16.188765850824268,-12.850997252624609
m_va,4,29,1.9914961948588257,-27.572426425308777
m_va,4,30,-18.680792094932656,30.51860618900946
m_va,4,31,-7.098614137519064,-2.147241249805745
m_va,4,32,-10.249602910433282,4.11464308991151
m_va,4,33,0.009001006145751944,-19.14525006999486
m_va,4,34,6.868128564108076,10.698320960798185
m_va,4,35,7.639147693643679,-8.226555485685367
m_va,4,36,9.000709476439567,-4.9700730668952815
m_va,4,37,7.613519451727996,8.735885466235914
m_va,4,38,45.59868657206357,-53.411610487128485
m_va,4,39,-3.162202979060453,1.679582806194503
m_va,4,40,32.264966958839636,-1.2775481331581773
m_va,4,41,-6.295699903087041,15.67232941879945
m_va,4,42,17.730445575875194,-15.799144937210713
m_va,4,43,48.55402799225169,-2.796261967007638
m_va,4,44,-15.356053673737733,-9.295583873235898
m_va,4,45,9.884214154570486,-0.8196989027392192
m_va,4,46,10.349781105392879,0.40645147460742237
m_va,4,47,18.84352159057113,-18.064966071553556
m_va,4,48,-21.508990476528822,29.03053079332625
m_va,4,49,-1.0263598398179852,-2.656202231134671
m_va,4,50,22.04724456275909,-19.857451372818048
m_va,4,51,1.2677972129470731,-22.201372269822798
m_va,4,52,40.28138832969444,-47.76087571092006
m_va,4,53,21.819203613779052,-6.546680917259039
m_va,4,54,-25.54766649520525,29.250191551234025
m_va,4,55,2.660502830671305,-7.076496536992181
m_va,4,56,17.815044200098214,2.8712173469928643
m_va,4,57,-6.202773709554947,0.11400827962023641
m_va,4,58,-1.2937278176347604,-8.042135950806824
m_va,4,59,12.856871594448364,-2.857297658920288
m_va,4,60,-3.196630316476046,-10.255005065496903
m_va,4,61,-6.179184445904355,11.194920901096225
m_va,4,62,-0.05997727728549762,-6.809174679058458
m_va,4,63,11.197452950808724,7.308821089855996
m_va,4,64,6.1547183949086275,15.5787211992008
m_va,4,65,1.0874016241291429,4.616449860965531
m_va,4,66,-0.46995530525845197,13.158242475418774
m_va,4,67,6.331065462695221,10.527662668393305
m_va,4,68,-14.616313597394367,32.1928286965275
m_va,4,69,-10.303419186837118,19.859757800122907
m_va,4,70,7.64784610105886,6.27233669871373
m_va,4,71,-1.9004212485419316,13.800004163345704
m_va,4,72,0.9187570697552587,-3.621845185255779
m_va,4,73,-12.98495389621803,4.0645199743184435
m_va,4,74,1.075477440010843,-0.7842972573607767
m_va,4,75,1.29749501744908,11.523455381393433
m_va,4,76,6.324642855260095,19.62613971718457
m_va,4,77,5.341468510603704,-2.5315057448666494
m_va,4,78,-3.2741949496303278,14.477469943423955
m_va,4,79,9.120920569532473,5.966430386423497
m_va,4,80,-3.021551925386916,8.151997863745464
m_va,4,81,-8.950076376398385,4.542868813394932
m_va,4,82,0.7353796296425799,4.27763847743762
m_va,4,83,2.0278358004159145,-5.628305880022253
m_va,4,84,-2.1904354814339513,-12.275317411462765
m_va,4,85,-9.46382727675342,0.7805171036960701
m_va,4,86,26.915332302451134,34.48997741137748
m_va,4,87,0.6060828872051616,12.537248552164272
m_va,4,88,1.2744136361612277,2.7226524177567626
m_va,4,89,-0.4644889825133873,10.927008278667927
m_va,4,90,-4.353247375951867,15.22410560995985
m_va,4,91,-2.9389478668973084,-3.4028554413499137
m_va,4,92,18.086056617137615,1.3353269474179115
m_va,4,93,1.4003704142089077,6.111847502844682
m_va,4,94,-5.161675539883731,5.870160210032395
m_va,4,95,8.454895624852782,11.984404191728686
m_va,4,96,11.447302544036404,10.700627860396764
m_va,4,97,10.581186972558498,8.82191384509531
m_va,4,98,22.88200627645415,7.971081434390214
m_va,4,99,2.249106868273657,14.98234034616712
