metric,recomputed,expected,tolerance,PASS
N_participants,20.0,20.0,0.0,True
N_targets,60.0,60.0,0.0,True
MAE_M0,0.22437100359263565,0.224371,1e-06,True
MAE_Mq,0.2562101643877554,0.25621,1e-06,True
relative_reduction_pct,-14.190407978442,-14.1904,0.001,True
N_improved,35.0,35.0,0.0,True
mean_improvement,-0.03183916079511971,-0.031839,1e-06,True
D0.5_q,0.1080484657671683,0.108048,1e-06,True
D0.5_MAE_M0,0.26516373111480396,0.265164,1e-06,True
D0.5_MAE_Mq,0.2545711778108419,0.254571,1e-06,True
D0.5_improved,15.0,15.0,0.0,True
D1_q,0.108048500176787,0.108049,1e-06,True
D1_MAE_M0,0.2350863788823024,0.235086,1e-06,True
D1_MAE_Mq,0.2226539141119818,0.222654,1e-06,True
D1_improved,13.0,13.0,0.0,True
D2_q,0.4406410731746566,0.440641,1e-06,True
D2_MAE_M0,0.17286290078080066,0.172863,1e-06,True
D2_MAE_Mq,0.2914054012404424,0.291405,1e-06,True
D2_improved,7.0,7.0,0.0,True
