analysis_id,a_R,v_RI,v_RC,t,chain,source_draw
1,1.2490757136979942,2.361474678971963,2.719779780920377,0.30468103584265693,4,499
2,1.1311373297388476,2.2388574861670154,2.4288548684785285,0.3299328232905975,1,628
3,1.1038925619637872,2.4227711235161062,2.883789554429087,0.3124281049535508,1,788
4,1.104336000989088,2.390390990729731,2.428031902729429,0.30345320384037383,3,445
5,1.1685764460586352,2.3169663266836427,2.763533931445743,0.32676186156584136,2,676
6,1.153801893948942,2.402482330166279,2.558761892263026,0.3640540769664973,1,113
7,1.1433398619559187,2.333563797423241,2.737674543202974,0.2922953419018217,3,38
8,1.077029096701764,2.258225662642531,2.506846208333509,0.32291415946484864,1,1049
9,1.109663261117456,2.570338626222709,2.8177018051807226,0.340498674212132,2,369
10,1.1241517871257989,2.501447223453006,2.759727576797149,0.3151401752872842,2,383
11,1.1136727066966468,2.6231799551546784,2.5021215070019127,0.3241189591195035,2,290
12,1.0953972495648454,2.4734976279899294,2.6488659620086055,0.3161185473936492,1,431
13,1.0871131181075877,2.4481355345978115,2.9434443298428272,0.3129766698395846,4,283
14,1.165964861075023,2.6437236832804167,2.3481190708832784,0.3137865005993283,4,622
15,1.1178157340307422,2.2448345799713794,2.588962334542912,0.310726832959328,1,356
16,1.1382711013693778,2.299500633219378,2.463200477040219,0.3300901918329274,1,1020
17,1.194607015818923,2.550313793504615,2.739608972655316,0.3715795862641714,2,13
18,1.1243141082328207,2.390510532418225,2.417967046956281,0.3092634787153826,1,702
19,1.1508422847726505,2.510765296962239,2.477070233855776,0.3294842885113499,3,502
20,1.0401163156278637,2.2375832813847207,2.709275403110854,0.3613176213974125,4,79
21,1.251583714651531,2.1851814987751816,2.444821200568642,0.29915765416300366,3,1180
22,1.1517204553098574,2.4033627269668965,2.417655468602424,0.34602905851674787,4,925
23,1.0878854852739266,2.1877712774347557,2.667873856156935,0.32116791452586085,3,194
24,1.1497401756233636,2.4250885170977896,2.4942152299090936,0.32590732691799046,1,1126
25,1.0532794643129717,2.2626128880263017,2.6242790694893694,0.31811720287472384,4,1152
26,1.1610066406227135,2.350618503403965,2.908641818585162,0.2967442643355308,4,719
27,1.0734888372321747,2.6321654350773827,2.6051896645633343,0.331006633653652,2,277
28,1.147944287106649,2.3385695829214668,3.0026134105638773,0.3485762949360438,1,968
29,1.1710441846293156,2.5692365308104987,2.6301960682688024,0.3352336087885494,2,20
30,1.1467117976047654,2.3435170206743,2.7416587032957023,0.3005866225797224,3,57
31,1.1338401857721236,2.5304713343458127,2.432303580591698,0.3573964651412329,1,653
32,1.084353590894292,2.4181777390893244,2.7380187863970074,0.3083009707557061,3,137
33,1.1248258942562006,2.3462062734703415,2.5101986102405642,0.3335771088895369,3,472
34,1.118202585649587,2.49550804055745,2.4206502074731775,0.32182890498546635,1,1112
35,1.0705225140140662,2.60280221056059,2.71621308550519,0.30450349267257665,2,138
36,1.0678061799092324,2.396180728086448,2.82713121007979,0.3433937588781672,1,448
37,1.123949762561982,2.1607652114280316,2.4745742221154536,0.3325018569004834,1,945
38,1.0829430172776648,2.4310199200253115,2.8982420129610835,0.34587652029962923,1,459
39,1.2367594464708245,2.670582908395716,2.6530639533131413,0.3367250405200959,2,660
40,1.1286769639036995,2.3604344622357054,2.8165577174195993,0.3144528107221536,3,346
41,1.1305715026589946,2.393410675871632,2.635551096085466,0.320560688935611,1,171
42,1.1542217277751177,2.482909634950604,2.612261268391844,0.3408999795210943,1,160
43,1.1960801913754315,2.471710372565095,2.5698311097394693,0.34996935813867236,4,767
44,1.086319672119067,2.25587484939981,2.7918220325920444,0.3289501925959569,1,884
45,1.0386148020920887,2.323233486529684,2.702391344643235,0.3261063917470718,1,210
46,1.1982377303780103,2.223596346023092,2.806997838160489,0.3099092427210647,2,739
47,1.1157752184604812,2.193185048858953,2.7830095962964587,0.32802542322673983,3,212
48,1.103459724753445,2.6125544068172712,2.7122044812445685,0.34231318083705375,3,1083
49,1.061322460037603,2.1583365644492067,2.6436444694036227,0.3586671036023014,2,799
50,1.144308933287321,2.5215324113540416,2.8966237759754523,0.2854513326405626,3,532
51,1.1213989473322026,2.377982656944151,2.6044889253258345,0.31552689382925914,1,41
52,1.132338039006971,2.3283265228633234,2.438304006436631,0.3179808451830286,2,172
53,1.0612400545396454,2.311630438698111,2.349076488463516,0.3267086539348178,3,236
54,1.1286764536741165,2.181028622092332,2.7512090708690504,0.3241205099034636,4,71
55,1.1295077744603816,2.5402148397129403,2.6958328665662847,0.34101490566822734,4,524
56,1.1592988723867905,2.4440797677147104,2.740671396985996,0.32153582440805456,4,196
57,1.1266843274253442,2.6763609127262136,2.6190543508392747,0.3056884064341108,1,923
58,1.1603078487348317,2.8304190869875154,2.6673054039571524,0.32455899485184625,4,35
59,1.2141922495197393,2.5225797314845417,2.680949523744325,0.32358345718708115,3,916
60,1.1597911307416535,2.5461328871064604,2.4367784495769556,0.31376122105788967,3,401
61,1.2070694288367536,2.4218653019449214,3.24963515871504,0.30389017019741427,2,510
62,1.094142002676362,2.3971059362493685,2.570296711676923,0.350931940670723,2,53
63,1.1182829229820728,2.2115870966977376,2.7373056978877393,0.3035017057515931,3,732
64,1.184095409138608,2.590712094760744,2.7865049456829887,0.32070114404755873,3,385
65,1.148473370371321,2.3436844562980896,2.8514501266210353,0.3117677756023704,1,155
66,1.1103128594943468,2.7102025302892896,2.6639445461403466,0.3295571003689443,1,666
67,1.034252106337568,2.6462542202325077,2.5719050041051537,0.3271433117854594,2,1113
68,1.1497631979582896,2.4293366292634646,2.5688618338912375,0.3295532674901933,4,898
69,1.0057822346133825,2.4682717731390746,2.5393732790989683,0.33271855137898,3,249
70,1.1200921519078881,2.3377563444383918,2.688524352066872,0.31170214456193257,1,797
71,1.1145381884532937,2.471082081717288,2.6794488207279374,0.33867330589145433,4,420
72,1.1181291689341495,2.4268772792811917,2.4608057157850545,0.3318307455544956,3,523
73,1.1859094533972456,2.441119589290094,2.881568575342232,0.317966587814996,1,480
74,1.1132063792446736,2.767463159300696,2.92877868651862,0.3040813123853518,2,885
75,1.1063739451667503,2.4898185701563786,2.4869919781942564,0.3452101264872845,3,1128
76,1.2297010793989704,2.526029372235956,2.8972933992487877,0.30830158702036403,4,939
77,1.0886823093598836,2.19079307438235,2.5493476726021624,0.3409951639732115,3,980
78,1.1366839351895173,2.6260666776842463,2.634064363617754,0.3361876146445558,3,281
79,1.247252201974878,2.3986699413891945,2.8085864421688225,0.32760789423430736,4,937
80,1.1532750308504456,2.325533678174771,2.8541262637003104,0.32970288119452845,2,519
81,1.0997544692006438,2.3078499660751137,2.9971868955054237,0.34205792339226365,2,264
82,1.1768736951348804,2.559717617825288,2.488373982000582,0.37825665915902223,3,824
83,1.128358918252359,2.6141135275729805,2.606338763648374,0.33455366501193917,2,995
84,1.1336402878333387,2.0082090351594393,2.638432122464403,0.3350854865867219,4,591
85,1.2644357484741233,2.6447673260164217,2.896360244058961,0.34028765143530326,4,19
86,1.19766863332388,2.2076793007962996,2.7387067616150937,0.3094302823924406,4,428
87,1.2107619541011663,2.338869330420483,2.977809009345476,0.34459294218053177,2,815
88,1.1027688810871825,2.5120302335567914,2.7370504073750315,0.3137752970611829,4,154
89,1.132064185826169,2.5722928556592657,2.863932264850805,0.337393907819765,1,669
90,1.1804711777241432,2.4779314571463686,3.0036624527585367,0.31785253722225215,3,36
91,1.0893093540530352,2.2334644543170143,2.3174016314276846,0.3074233429514481,2,354
92,1.1562721448371867,2.7941461740542266,2.552071654404859,0.31134927707211013,3,1025
93,1.1630026993551343,2.3310110258341123,2.573961048120327,0.31784973127718025,2,620
94,1.0990602226605197,2.2501398257466327,2.872953270359787,0.31970179680503696,4,641
95,1.1647679814025413,2.60071788272544,2.6305373338138995,0.33141318545568316,3,612
96,1.119995543445611,2.464893851565234,2.7753609223854023,0.3236256516895091,2,871
97,1.0951965121266634,2.198022564412296,2.7226427209072552,0.33303065648072844,2,838
98,1.1473894461094811,2.4403314274276764,2.60597161565797,0.33352769822439027,4,54
99,1.0903555643552099,2.345936587504973,2.6928629949010428,0.31606183434521823,4,1102
100,1.1054033298843682,2.3991472265512375,2.8101101734179568,0.31964940355619914,3,292
101,1.1398190749451294,2.200083361143931,2.534592008097605,0.2847132181027262,3,855
102,1.0904377984575493,2.2994465416592513,2.671295167167108,0.323925217830017,3,130
103,1.1539256003291805,2.640439550772016,2.960727051238357,0.300440870538703,1,37
104,1.085122758380114,2.4556883666484586,3.04089504523668,0.33608228787241323,4,1022
105,1.0779495009286273,2.38867967508065,2.747371952793374,0.3191616388942968,4,77
106,1.0594993953890461,2.5197989762177126,2.541695212451912,0.3327590031882134,1,101
107,1.0654356635865354,2.5125427396166153,2.3344804849977243,0.3535777842580251,3,546
108,1.2225172187776459,2.8401358091090283,2.7460111164578604,0.30052843201110346,4,152
109,1.1733439990765138,2.339635477908093,2.8746908657851815,0.3457717143404504,3,64
110,1.0543711873748016,2.214093351107144,2.775478298958699,0.32663817471056283,1,1196
111,1.1356096202350685,2.263240272996775,2.6252669548297547,0.31845899411487444,4,241
112,1.119520423010899,2.5730428638876064,2.6175850368506297,0.3055460191030514,1,1066
113,1.181580289193135,2.2570631506799423,2.9450981428882836,0.31204413779727697,2,206
114,1.0720989801235674,2.517137037881295,2.384755349434699,0.3072551798471335,1,457
115,1.138932359372279,2.7519972847252703,2.6281549658868837,0.35354405039277875,1,899
116,1.1382289548444149,2.2279066805141112,2.5670682279128716,0.32791838187837286,2,638
117,1.130706700121032,2.642248075372521,2.767050748367987,0.32734075853569466,2,1057
118,1.2603681972485516,2.459888653071953,2.9257010594861685,0.3063727792020137,2,504
119,1.118394556793843,2.616306151887104,2.992848697374494,0.33779837785437644,2,1140
120,1.075392650869351,2.5886081704200223,2.675121268552896,0.3190198572988381,4,1170
121,1.1713810581017012,2.5005410682168563,2.8825892714298966,0.31229588656455404,1,641
122,1.2286883213227195,2.4164838563626487,2.8296919770448716,0.31849914666990914,2,713
123,1.0769134543753358,2.5064123372640132,2.8792414007941494,0.34898050030349015,1,656
124,1.1796259329175562,2.3171468617962407,2.7803866177114958,0.30245843237085834,4,1246
125,1.157050905160077,2.3156354070767424,3.020284507966558,0.3310545591956884,3,1016
126,1.1795085265588183,2.5935229531396975,2.560227408457759,0.3208601282776306,4,977
127,1.1679720753876945,2.471117971814352,2.4551346241813254,0.3436858070719904,1,95
128,1.1037010655571575,2.40964893176007,2.498758769614475,0.30229150652456005,3,1227
129,1.1089285300217804,2.7314529841120216,2.2683205426248203,0.3600526492426863,2,4
130,1.165414719451081,2.33479478809391,2.415126128129885,0.32432906524349914,2,816
131,1.0688647322278453,2.3928627418395663,2.5180967481093,0.3100473338898424,1,1053
132,1.087712328872196,2.3463243534374185,2.5981962939715273,0.31654531618029264,2,629
133,1.0783924707678452,2.515452302208338,2.4671009280550247,0.31826761081908905,2,364
134,1.1519831323584595,2.475642873326556,2.7385170075594774,0.3451442380990174,2,12
135,1.0482302659165814,2.2768391480766077,2.611526317864648,0.3374187371984765,3,178
136,1.2433933778328838,2.371136315875926,2.6134633606225157,0.3233794011207113,4,178
137,1.0985140886441778,2.684994042561421,2.7478333070545164,0.3656016053250112,2,614
138,1.1558103009038203,2.4605127729874394,2.433157178957314,0.33591074090975503,4,1113
139,1.1762887607673065,2.4965736065302897,2.5040509975151477,0.318485336955836,4,917
140,1.181028466420064,2.2255110310578416,2.5148856246035156,0.3199313321345802,4,985
141,1.0789144942757949,2.254354909839062,2.6230841850805775,0.3187569348632701,1,1217
142,1.1274726156487027,2.3389041037332587,2.5927408852871245,0.2940285665678026,2,880
143,1.1990614476530417,1.994192074642403,2.5658129605680013,0.3310963967647298,3,393
144,1.1847804301547005,2.7976339427932784,3.132872358125036,0.3458283151208342,3,1015
145,1.1691137210432163,2.554892800754461,2.6849694654141736,0.32731129460459607,1,821
146,1.0909549817020556,2.5170502877746874,2.808212703589656,0.331461583990734,4,592
147,1.066250715703199,2.250016827245292,2.5767629451205463,0.3097906759505823,4,101
148,1.222551063394849,2.5321707356896717,2.848406277671498,0.34370839145998877,1,944
149,1.1628387336227204,2.592529274654921,2.747402300296829,0.31543494649499154,2,936
150,1.0326836474643823,2.391634694031836,2.4033402578696137,0.3349411193124849,1,742
151,1.1929981165276362,2.4320588821007547,2.8598147279477706,0.3296235645843655,4,534
152,1.040739389429356,2.4265531377544596,2.6149651902186584,0.33352209332272575,2,828
153,1.1901661652390172,2.2795492874889467,2.7157739899932563,0.3260668215871162,1,1226
154,1.0905138225256628,2.364710887513199,2.7125256721551523,0.3114803505601749,2,1051
155,1.161910274837934,2.2620857493131608,2.8560492418328867,0.3243568725215279,2,421
156,1.1130303236054602,2.1261314753661162,2.9776200881387505,0.345679025551238,1,1193
157,1.1546066055471473,2.3512559479287103,2.8759326680492308,0.3318069615981128,4,606
158,1.1014441077681945,2.3544024638728454,2.6771504370528545,0.3058625647908473,4,450
159,1.2297415946981998,2.4274913644026914,2.6608975200999874,0.3126029674646877,4,1019
160,1.1873443440307487,2.152267208958354,2.3339164105968324,0.3551085258462578,1,894
161,1.1954523911468635,2.2649241332641785,2.5361380910778566,0.2992881878065795,3,804
162,1.2197345511664068,2.218472133996728,2.8127108967721752,0.32857492108218656,1,405
163,1.1391107254910557,2.2449889354226884,2.606491888148347,0.3225619755739068,3,974
164,1.1164241407785291,2.4640154521616062,2.4437672026395774,0.3491820521118387,3,905
165,1.082633444135969,2.128146188449597,2.876227708634147,0.3348897450222207,3,926
166,1.151360039191565,2.3936974578069936,2.8489720364548097,0.3351744205588255,4,353
167,1.1489803532812881,2.529806861925659,2.4683812323311014,0.3123953771685416,4,198
168,1.1858585782785518,2.628991990483967,2.7725152196845473,0.3385561447399296,1,578
169,1.1535786612315024,2.3194612376087336,2.2587720527297144,0.3371653793890143,4,531
170,1.1077603283907453,2.8391207918131918,2.781621651277368,0.3288980255319541,2,784
171,1.137443102397586,2.56019487856339,2.6180585195391464,0.31509827115108197,2,782
172,1.1220888351536829,2.4664931412466147,2.7293924054537224,0.3374138859439809,3,1102
173,1.1710397165630055,2.6084070298894018,2.7574270986166427,0.34757077764388217,4,1212
174,1.166868613192684,2.3561673389332216,2.7184179444816747,0.3052541535169439,1,364
175,1.0918100867686185,2.5277142642900596,2.696546194516369,0.3281075410647654,2,812
176,1.1395702462433588,2.2381808909208454,2.691885173588149,0.33496419518365966,2,787
177,1.0966854878742294,2.5801908262436033,2.83669560055482,0.3178688766093246,2,252
178,1.2131269799949131,2.2947019351602393,2.7668256619037606,0.309963208936709,3,767
179,1.1860083406530766,2.6241999170949732,2.6490139337089813,0.3303117252644746,2,2
180,1.113091137886688,2.370368808783513,2.7942896391214984,0.31737876038133395,4,656
181,1.1584078530374406,2.7881700891727923,2.7632207844043304,0.35471588381047714,2,1067
182,1.0793402687373443,2.6416741385328635,2.7508718892012443,0.37528595229524264,3,454
183,1.1162599637936317,2.5567885889914104,2.5207548514867826,0.32310563532708375,2,937
184,1.064970713967384,2.5727212309762373,2.5998599908547604,0.307661929107001,2,823
185,1.1717317103224456,2.81675118570269,2.596826950711274,0.34601781551626015,3,398
186,1.1230580655590758,2.4565300521500197,2.8452493984788427,0.33674790353825007,1,1200
187,1.091242000630963,2.5746251665193833,2.6782390090246606,0.3361571470983651,1,354
188,1.0801720126930305,2.2500905171512393,2.891159960147274,0.33016975802058035,1,334
189,1.1251101865203823,2.1883083702940374,2.7984238367443233,0.319604883184766,4,161
190,1.2121782260866758,2.501050029439465,2.713182962192491,0.32602383422551007,1,689
191,1.1005539362245327,2.218514049146451,2.4942363001438794,0.34358461501532106,4,1120
192,1.0915233200281944,2.5229415438347607,2.6654070064526887,0.3661874141905026,2,468
193,1.1288625308900218,2.3353405891243204,2.7188915698085765,0.3212289965448145,3,949
194,1.0399416769433285,2.5327066112046124,2.870477025799756,0.27866733542094435,3,1062
195,1.1319717720212967,2.301266226998547,2.6051277290525436,0.34168886161128353,3,406
196,1.1183080060452246,2.4865757700024695,2.8346932410100605,0.3257639199936415,3,4
197,1.1348714738873802,2.3052460924967138,2.501653708176418,0.3191182680290668,3,700
198,1.2034023471850306,2.605557430008222,2.939388991482803,0.3350614388643717,2,1244
199,1.0495716278037155,2.168974934879332,2.5504193286402628,0.3372529321741896,1,1216
200,1.0284864293835665,2.4734185925811683,2.651838765269644,0.34238501784692765,4,325
201,1.1725892538288125,2.706427311646492,2.8426051148229394,0.3204447306156843,1,319
202,1.2370928979460147,2.460129038621905,2.594313657689321,0.3196635896243315,2,8
203,1.116467626892723,2.3483345414666275,2.6239596915568453,0.35944229867188693,2,1031
204,1.1304553134397237,2.525949002600028,2.6825246635475892,0.33725337229414587,2,332
205,1.1125101144225211,2.5154510839975694,2.7408291870448855,0.3468018105464351,3,120
206,1.1847904133885692,2.373715833115867,2.5810567902922563,0.295141101146524,4,599
207,1.117930505993707,2.3369489604944014,2.7321663133759135,0.32407981670506725,3,200
208,1.1157945249886898,2.2133730452685683,2.4911940953590817,0.3253933914654401,2,479
209,1.0690926807602412,2.4928887434582756,2.6493047490871033,0.3131235413144362,1,716
210,1.184461970715831,2.518692916979331,2.805805586121773,0.3450971681696745,1,1052
211,1.174502603033178,2.3562674465600737,2.9532766044328356,0.3198582880051497,3,825
212,1.0023659578951163,2.541417971943985,2.535126196250301,0.31707907475024216,1,181
213,1.1601764781199875,2.5857771518109005,2.52374552592123,0.285306977663041,1,447
214,1.106624541050469,2.3833594875122377,2.8807415422571316,0.3555112246724452,2,1076
215,1.0972802198720948,2.5849112227309923,2.6411316767297954,0.33132078328753317,1,134
216,1.1238539066905981,2.3038601492491715,2.6217701599972534,0.3187033679296045,1,161
217,1.0984704612416023,2.4372493770403407,2.9330958271234633,0.35829833968061153,4,397
218,1.2502760736991612,2.696023388665759,2.7325755655697894,0.2984181454818022,2,1114
219,1.2860486655933565,2.4155099576646917,2.7758421672653184,0.3371397386474919,2,836
220,1.1948415627238056,2.561105516148253,2.446791429809214,0.3212200410115391,1,317
221,1.1706470914240201,2.690173664357175,2.769573353194673,0.3023123756862365,1,664
222,1.1158608369311376,2.385234432492821,2.7627335499118018,0.30283320209275333,2,371
223,1.239811263978837,2.3821279720936417,2.850818687421326,0.34096450225041797,4,380
224,1.0720866343612123,2.475909587430889,2.6482910988751813,0.33511588215419713,3,1113
225,1.097652102960598,2.544325547176654,2.7860264703555284,0.33050945105351714,1,1093
226,1.1580932826347587,2.767024956076538,2.617276777212258,0.31503278797463663,4,86
227,1.1164790024702822,2.4864674051708784,2.4437152395366426,0.3362626747602968,2,602
228,1.0135457389041114,2.290722168327659,2.5061415321628755,0.31582946266504136,2,1024
229,1.161957272767674,2.530972284503267,2.545617396962695,0.3252283031359485,2,933
230,1.076375231429727,2.713644649695107,2.5853705255313217,0.34122013616685964,3,442
231,1.0651962940216706,2.57577620604884,2.848508006538189,0.32423918753047276,2,1189
232,1.125021436418744,2.2735085197813643,2.65891795567821,0.35556284237661423,4,853
233,1.125659563273194,2.429243980782781,2.6548755414977765,0.3310305949377323,3,1035
234,1.1266279294684647,2.320386009031805,2.4959636124155713,0.3225535133828004,3,928
235,1.066402627723662,2.433886429336186,2.5728946712962393,0.3023789568707777,4,809
236,1.1428522615359953,2.3055631346111998,2.6508420041271323,0.3400832709298402,4,167
237,1.1223977551011213,2.4769524170621504,2.7396659798517558,0.3090712331281424,2,80
238,1.1055920562288328,2.3799696567843003,2.5390121660920415,0.34507901300271504,3,1248
239,1.142689387682488,2.3983354391494465,2.6876825734005565,0.30115109399831735,1,743
240,1.0840013956249694,2.662764080598043,2.6505729846919537,0.3222371160493574,4,565
241,1.0945138901136473,2.4223573183085794,2.5427815714554796,0.3489461479705571,1,1186
242,1.0247166216067534,2.416856737634707,2.7459863351221423,0.3415571873607928,2,905
243,1.13800198303636,2.1363535434010466,2.5743188792079357,0.3507464463644498,4,413
244,1.2081322479744812,2.7062799446990216,2.6578996310344216,0.3264428827822297,3,513
245,1.1168168176106454,2.213665098260489,2.812266399838496,0.33530531822168713,2,632
246,1.201392285869803,2.3439424267015725,2.5043096481393765,0.32272326958424463,2,349
247,1.1473672913685817,2.462019722021761,2.921358979151737,0.3589481650412958,4,707
248,1.239877086625615,2.2300663690155087,2.343185023751527,0.31860778785406646,1,284
249,1.2071240479256837,2.1835531718498933,2.482535906204316,0.3446981625720102,2,1185
250,1.155533004200497,2.437777704534836,2.867248997760883,0.35973145077502566,4,986
251,1.0892007940781627,2.282092412742518,3.1041792737719263,0.3422706654260276,3,1142
252,1.1019875138943354,2.396088402894744,2.6749751809744278,0.3340956867261259,4,834
253,1.1221261493018417,2.5160706441245124,2.6093031538110116,0.3313266260256214,3,498
254,1.1373369304639875,2.3313669525175182,2.74063272164121,0.31088888684153226,2,851
255,1.1239736098653528,2.6275458410365844,2.7105138953197017,0.3335033100242803,2,734
256,1.087737073625481,2.425339716160404,2.496395748521038,0.2936104227641936,1,199
257,1.063983330831845,2.2152020210725767,2.6807497136225145,0.31457944613534594,2,634
258,1.0882668739142516,2.3749429105156885,2.671760741416782,0.32402239995865967,3,121
259,1.1523101148193702,2.41261877777473,2.955312741505247,0.34624438869638186,3,586
260,1.162030407009572,2.3299050318116383,2.936122420518139,0.36022631681135453,1,846
261,1.1695066489288841,2.3839968986406053,2.618834048759641,0.3249721254484017,3,740
262,1.1711999933357884,2.3315551965033454,2.6741779539799095,0.33246724270216865,2,647
263,1.041687450891057,2.2913269688871445,2.559913443158561,0.34287125329986173,3,232
264,1.0475757190672124,2.5367642963688715,2.692355457067736,0.3098031286847902,1,242
265,1.1427612740692181,2.4731557722159017,2.4712244844399267,0.324370851828072,2,636
266,1.1908461816413085,2.4825983581713555,2.8528926862991484,0.3309546354176296,3,741
267,1.0611581209111876,2.617175967887708,2.528428341086264,0.35708477976036745,1,309
268,1.1211413212903114,2.535954888592667,2.7016503269699808,0.335547744050673,1,1120
269,1.1384412885368822,2.267030774453568,2.860524048589004,0.3413305976117664,3,1111
270,1.0814200807689773,2.21157336122771,2.734702500060329,0.30600864700064967,1,1039
271,1.258015961242116,2.2832770572102494,2.8712649352194544,0.32838096304074443,4,254
272,1.0575285546501307,2.4282061832340194,2.5859966497060722,0.3122991987382097,3,1056
273,1.1378682740130064,2.357462361607803,3.05027421575591,0.3331742927441593,3,296
274,1.0357044917166813,2.3826526542425133,2.6010971978696373,0.32567608874657705,1,389
275,1.1583427154687618,2.3666273762038834,2.5846749713786963,0.34109405111577196,2,1091
276,1.0901737278463894,2.2949612505091967,3.1007678798856944,0.3522756554241083,4,1214
277,1.1324405709450307,2.205620740918508,2.2578351322903956,0.3113700417658927,2,146
278,1.0671331198958482,2.545835652329099,3.0049302418018424,0.34827690052311483,4,651
279,1.0945500152849799,2.3227766862242185,2.9042635755107615,0.33270221955270185,4,230
280,1.1674391780408464,2.6887934252122023,2.578697933482973,0.3022514964865868,3,485
281,1.1591073397507008,2.485804519821019,2.8590738239692493,0.32250582213271795,3,1185
282,1.1227661790738033,2.2832066204211894,2.5996665051429075,0.33740685313886165,4,835
283,1.1070315907316504,2.4693146846349183,2.7343851835164843,0.30176050168440155,1,91
284,1.2584188953436122,2.6133611858751746,2.727258670422595,0.37712036216281786,1,114
285,1.126728393346728,2.398404524268272,2.620349067323291,0.3397134678668624,2,1218
286,1.1282010768239683,2.358103614111504,2.578537487384737,0.3351652700512551,1,375
287,1.0986712933183476,2.403914177447256,2.6318949215022704,0.30931102884630773,1,831
288,1.0903143259885903,2.646365439899379,2.891134198921668,0.31480717055744856,1,1202
289,1.1572904279445018,2.825294125713561,2.953662952561373,0.3238141819725957,2,554
290,1.0667460625257885,2.6037525087196864,2.732795503124135,0.31982316079816203,4,1068
291,1.1333641437851565,2.6735455354340893,2.721760290481554,0.3230003794777109,4,998
292,1.0332598181401442,2.4900481412268207,2.910639007194105,0.3295825497970261,4,1234
293,1.1261256077170427,2.564455101889802,2.840007754548382,0.3597850292803278,1,683
294,1.1001393081870134,2.2272434514843917,2.482939219159893,0.33935533601510803,3,764
295,1.0629355956738822,2.4383352122959403,2.5677427377322903,0.3154028536555618,2,246
296,1.1282651856308794,2.3163465887817596,2.787460524902344,0.325731464760675,3,0
297,1.1664286803499522,2.6728833592982175,2.802457492935978,0.3071627721535503,3,813
298,1.1287865092524585,2.4284559868663336,3.0934260660677557,0.33552850115590194,3,648
299,1.1483149250842277,2.7017169807799344,2.6246672702849994,0.3685728075756854,1,514
300,1.1429860197409811,2.489867611569731,2.557076721423265,0.3202547149647966,4,257
301,1.1452716757694628,2.645715656748004,2.7046880535160818,0.29345280199764484,4,1090
302,1.1574041945658105,2.294943926549302,2.4549425429241234,0.35658825930186566,4,259
303,1.1574289355472005,2.5605954962830486,2.530546580566919,0.30168464953514296,3,1024
304,1.1199163872507818,2.628889275902997,2.624692460495431,0.3352838915064569,3,339
305,1.1168451910939214,2.679422258813885,2.6943167648318584,0.3365505054713168,4,1018
306,1.1616616655894585,2.410241687000843,2.6828970186266026,0.34135347253699383,4,1149
307,1.1153225831366194,2.434185805992548,2.7814192553536254,0.31292523011290835,4,390
308,1.153602619989718,2.3907681086638872,2.7885658943162195,0.3296209195851518,4,252
309,1.14128916060067,2.5657643598985884,2.7267919087959824,0.30330793436392767,1,109
310,1.1329538207411836,2.398737890476828,2.7426320553283414,0.3238452819809178,4,827
311,1.196679560650866,2.722079814914836,2.5633910905303416,0.302312612221646,3,383
312,1.0950631900852852,2.5591778906519904,2.7031903453283816,0.3290375941284639,4,556
313,1.1334388902334043,2.3592697814672685,2.529231425436384,0.3238882913857481,4,657
314,1.1134187725441858,2.4883896239092227,2.7361907275387387,0.29821225459021317,2,1008
315,1.1568299163467555,2.4755422903892192,3.066322954437052,0.31721797785354905,3,616
316,1.1135119116983825,2.3281971650154234,2.7436153591305747,0.3372727691427224,3,135
317,1.1306237552087484,2.4133899489638933,2.6794371566580577,0.3249068853586237,4,1052
318,1.175829952503884,2.410611420451415,2.7894606669525186,0.3467316268488214,4,169
319,1.1601271659191834,2.4668421499397937,2.7240633440400144,0.31055743655196993,3,494
320,1.1691497533903608,2.469068287068814,2.7903260103421013,0.3205298955951395,1,445
