"subject","a_observed","beta","ksi","ter","a_opt_q0","a_opt_q03B","a_opt_qrefined","gap_q0","gap_q03B","gap_qrefined"
1,1.53899953103409,0.462937908353143,1.40769895643613,0.389868572639321,1.67,1.78,1.78,-0.131000468965906,-0.241000468965906,-0.241000468965906
2,0.982171218935863,0.510515337270443,2.96169123960482,0.328868584130965,1.31,1.35,1.35,-0.327828781064137,-0.367828781064137,-0.367828781064137
3,1.39249934116207,0.474405772455558,3.49480752971866,0.399812582691763,1.22,1.25,1.25,0.172499341162073,0.142499341162073,0.142499341162073
4,1.29165266673745,0.501365293967235,2.31837560786094,0.326394488140946,1.45,1.5,1.5,-0.158347333262546,-0.208347333262546,-0.208347333262546
5,1.35475125897719,0.489699832807142,2.37718515339684,0.345125530414523,1.44,1.49,1.49,-0.0852487410228111,-0.135248741022811,-0.135248741022811
6,1.36124672939905,0.53262882658922,3.22064834537393,0.316051523621097,1.26,1.29,1.29,0.10124672939905,0.07124672939905,0.07124672939905
7,1.48214981602477,0.474913436874272,2.46678290021425,0.351264716046915,1.42,1.47,1.47,0.0621498160247671,0.0121498160247671,0.0121498160247671
8,1.73470869279254,0.50475676228754,1.00553151988333,0.319709728113686,1.65,1.81,1.81,0.0847086927925418,-0.0752913072074581,-0.0752913072074581
9,1.65013127616757,0.535568282310881,1.51724911465087,0.288552457485771,1.63,1.72,1.72,0.0201312761675676,-0.0698687238324323,-0.0698687238324323
10,1.61701333182328,0.525529871450071,1.62074677521643,0.401051656168672,1.64,1.72,1.72,-0.0229866681767208,-0.102986668176721,-0.102986668176721
11,1.72239860609471,0.450109291091946,2.44965396814928,0.377242510262011,1.44,1.49,1.49,0.282398606094709,0.232398606094709,0.232398606094709
12,1.70344322887162,0.471639585581215,1.78752419289946,0.441540134707393,1.61,1.68,1.68,0.0934432288716178,0.023443228871618,0.023443228871618
13,1.57714326030003,0.501847527701015,3.00038002382112,0.345225034438958,1.3,1.34,1.34,0.277143260300032,0.237143260300032,0.237143260300032
14,1.28305010726749,0.483571079769849,2.30479040142577,0.389953860322881,1.47,1.52,1.52,-0.186949892732513,-0.236949892732513,-0.236949892732513
15,1.47969883855307,0.537736592091888,1.92134151679406,0.377378281811863,1.56,1.63,1.63,-0.0803011614469265,-0.150301161446927,-0.150301161446927
16,1.37271324291073,0.465899996632257,3.18666409194132,0.339762283767784,1.27,1.31,1.3,0.102713242910728,0.0627132429107276,0.0727132429107276
17,1.50485467162626,0.482110872656528,2.08272038646103,0.348100534819874,1.52,1.57,1.57,-0.0151453283737437,-0.0651453283737438,-0.0651453283737438
18,1.64154152697652,0.497477520120439,2.29385992718897,0.323076895904653,1.46,1.51,1.51,0.181541526976515,0.131541526976515,0.131541526976515
19,1.32883699535811,0.490794202250563,1.25397379596612,0.304287087884217,1.66,1.78,1.78,-0.331163004641889,-0.451163004641888,-0.451163004641888
20,1.46516484283932,0.509670933545959,2.27862771226297,0.323315536518557,1.46,1.51,1.51,0.00516484283931562,-0.0448351571606844,-0.0448351571606844
21,1.41867939239667,0.480923376075726,4.31235612490177,0.332901928390005,1.08,1.1,1.1,0.338679392396674,0.318679392396674,0.318679392396674
22,1.16198177009825,0.501035959364319,2.58304203057865,0.415897285051654,1.4,1.45,1.45,-0.238018229901753,-0.288018229901753,-0.288018229901753
23,1.56048367695003,0.503313732935958,2.60927524949495,0.306660338275887,1.38,1.43,1.42,0.180483676950026,0.130483676950026,0.140483676950026
24,1.55649877768582,0.524788681917705,1.99862820576836,0.259751655180072,1.52,1.58,1.58,0.0364987776858225,-0.0235012223141775,-0.0235012223141775
25,1.87036623379039,0.490807614787124,1.47948260447026,0.310547028950668,1.64,1.73,1.73,0.230366233790392,0.140366233790392,0.140366233790392
26,1.55950730394506,0.437346610358563,2.05412341747213,0.380682860250348,1.54,1.6,1.6,0.0195073039450575,-0.0404926960549425,-0.0404926960549425
27,1.96246529479355,0.486814795495836,2.69635263633316,0.356203492546658,1.37,1.41,1.41,0.592465294793546,0.552465294793546,0.552465294793546
28,1.76718507774961,0.493715484967164,1.68632506319608,0.349915925375601,1.61,1.69,1.69,0.157185077749612,0.0771850777496121,0.0771850777496121
29,1.23982444564722,0.451470140098778,2.12845113475312,0.332950713828021,1.51,1.57,1.57,-0.270175554352778,-0.330175554352778,-0.330175554352778
30,1.57889274027353,0.480111791764406,2.50592404917238,0.342336787257974,1.41,1.46,1.46,0.168892740273526,0.118892740273526,0.118892740273526
31,1.20523286685674,0.515744536692948,2.4325898894194,0.318781611088976,1.43,1.47,1.47,-0.224767133143263,-0.264767133143263,-0.264767133143263
32,1.8657442154302,0.497897225707708,1.36807419594283,0.270373282360055,1.65,1.75,1.75,0.215744215430198,0.115744215430198,0.115744215430198
33,1.45046761620846,0.487847833182882,2.17843751756129,0.326642931172982,1.49,1.54,1.54,-0.0395323837915373,-0.0895323837915374,-0.0895323837915374
34,1.63566543697966,0.466129696113958,3.01188821020119,0.352156271187456,1.31,1.34,1.34,0.325665436979656,0.295665436979656,0.295665436979656
35,1.54277412041777,0.49296891611468,1.7324291995549,0.365167057908459,1.6,1.68,1.68,-0.0572258795822287,-0.137225879582229,-0.137225879582229
36,1.58935458426041,0.467085486694992,1.5931595442097,0.329180208614161,1.63,1.71,1.71,-0.0406454157395872,-0.120645415739587,-0.120645415739587
37,1.688168069074,0.493108610584333,1.85747413070529,0.380913670506638,1.58,1.64,1.64,0.108168069074001,0.0481680690740005,0.0481680690740005
38,1.87226489529224,0.488813390914507,0.478332028626471,0.419236532696112,1.22,1.51,1.5,0.652264895292238,0.362264895292238,0.372264895292238
39,1.3677309874897,0.489031965226488,2.50164972625024,0.361356046666122,1.42,1.46,1.46,-0.0522690125103034,-0.0922690125103034,-0.0922690125103034
40,1.67920452326973,0.497964314908194,2.80199293049558,0.341204125955854,1.35,1.38,1.38,0.329204523269727,0.299204523269727,0.299204523269727
41,1.4636643215298,0.502695682807076,2.38653737933317,0.316203327737611,1.44,1.48,1.48,0.0236643215297971,-0.0163356784702029,-0.0163356784702029
42,1.09587014927988,0.487069976275724,3.60636452139414,0.302615335562569,1.19,1.21,1.21,-0.0941298507201154,-0.114129850720115,-0.114129850720115
43,1.32551822050219,0.507150190668531,2.56309997705222,0.30750106695918,1.39,1.44,1.44,-0.0644817794978059,-0.114481779497806,-0.114481779497806
44,1.16837800828502,0.469524790788967,1.99701473630671,0.339731992884509,1.54,1.6,1.6,-0.371621991714984,-0.431621991714984,-0.431621991714984
45,1.18012143054089,0.458899969071546,2.4536430653543,0.328550212378662,1.43,1.48,1.47,-0.249878569459105,-0.299878569459106,-0.289878569459106
46,1.76048171453343,0.468212704148053,0.64520931998981,0.639839204420511,1.54,1.81,1.8,0.220481714533426,-0.0495182854665739,-0.0395182854665739
47,1.72592107670821,0.512516212601188,1.7612978836371,0.280050086413138,1.58,1.65,1.65,0.145921076708214,0.0759210767082135,0.0759210767082135
48,1.245042496461,0.522412846128904,3.02227627630782,0.36836501543894,1.31,1.34,1.34,-0.064957503539,-0.094957503539,-0.094957503539
49,1.17354558840482,0.513380649743367,2.68386149155068,0.331372509310089,1.37,1.41,1.41,-0.196454411595183,-0.236454411595183,-0.236454411595183
50,1.51299442892405,0.507384438709239,2.73817784421323,0.414833599325707,1.37,1.41,1.41,0.142994428924047,0.102994428924047,0.102994428924047
51,1.58597779320867,0.497841182368797,2.44167966583513,0.369454908781615,1.43,1.48,1.48,0.155977793208666,0.105977793208666,0.105977793208666
52,1.52226724136048,0.490674464229274,3.82700412090818,0.429800109384273,1.16,1.19,1.19,0.362267241360483,0.332267241360483,0.332267241360483
53,2.01818182482469,0.465031517241977,0.853711680474509,0.320207975044504,1.59,1.79,1.78,0.428181824824687,0.228181824824687,0.238181824824687
54,1.35014095641218,0.502241797013293,2.55715234456292,0.345555906005169,1.4,1.44,1.44,-0.0498590435878237,-0.0898590435878235,-0.0898590435878235
55,1.59032622271878,0.46245731323204,1.17446705492785,0.268446259331113,1.65,1.79,1.78,-0.0596737772812244,-0.199673777281224,-0.189673777281224
56,1.8640677474018,0.498199788383218,1.01552536859271,0.430430236169185,1.69,1.85,1.85,0.174067747401799,0.0140677474017985,0.0140677474017985
57,1.32573274463489,0.513606900006733,1.72490510104698,0.368210852126575,1.6,1.68,1.68,-0.274267255365107,-0.354267255365107,-0.354267255365107
58,1.34716184521242,0.500152760202321,3.23807134827774,0.317062973000633,1.25,1.29,1.29,0.0971618452124181,0.0571618452124181,0.0571618452124181
59,1.41921099358425,0.524965406320519,2.10637845706317,0.338004696741917,1.51,1.57,1.57,-0.0907890064157468,-0.150789006415747,-0.150789006415747
60,1.79866636046977,0.494454760715551,3.55335661253867,0.369141477543135,1.2,1.23,1.23,0.598666360469768,0.568666360469768,0.568666360469768
61,1.31241612776524,0.487299168029116,2.77545491941101,0.320369417299893,1.35,1.39,1.39,-0.0375838722347563,-0.0775838722347564,-0.0775838722347564
62,1.30838819587576,0.520544586287426,3.19182926698083,0.361997268045361,1.27,1.3,1.3,0.0383881958757637,0.00838819587576367,0.00838819587576367
63,1.44837528523992,0.481447286582427,2.63529087640606,0.307146048897323,1.38,1.42,1.42,0.0683752852399162,0.0283752852399164,0.0283752852399164
64,1.670523254149,0.551350612972495,1.86450753788365,0.265350903248032,1.56,1.63,1.63,0.110523254149,0.0405232541489999,0.0405232541489999
65,1.36282342590632,0.471166872196209,1.89421445505722,0.280792598368731,1.55,1.62,1.61,-0.187176574093682,-0.257176574093682,-0.247176574093682
66,1.30046980400532,0.513782005958955,1.53571521288099,0.345052949402556,1.64,1.73,1.73,-0.339530195994679,-0.429530195994679,-0.429530195994679
67,1.60204614123473,0.475597719805749,1.26910495462302,0.323039747105411,1.67,1.79,1.78,-0.067953858765273,-0.187953858765273,-0.177953858765273
68,2.04359454675186,0.491140589480017,1.48890378671007,0.372406759283875,1.65,1.75,1.75,0.393594546751863,0.293594546751863,0.293594546751863
69,1.3310835228416,0.515081578369448,2.88423618873518,0.382384821148513,1.33,1.37,1.37,0.00108352284159507,-0.038916477158405,-0.038916477158405
70,1.50700783207663,0.52303142529077,2.4379350887997,0.314479858921945,1.43,1.47,1.47,0.077007832076635,0.0370078320766349,0.0370078320766349
71,1.7273889970572,0.488067655381526,2.26877607554634,0.352029654401158,1.47,1.52,1.52,0.257388997057202,0.207388997057202,0.207388997057202
72,1.23018815182338,0.484604737134678,2.80793209239996,0.32963744664239,1.34,1.38,1.38,-0.109811848176624,-0.149811848176624,-0.149811848176624
73,2.04428901094631,0.537553839763425,1.2392707960559,0.332496601444444,1.67,1.8,1.8,0.374289010946313,0.244289010946313,0.244289010946313
74,1.59572159543824,0.48260884823772,2.07359134103003,0.349770914776117,1.52,1.58,1.58,0.0757215954382389,0.0157215954382388,0.0157215954382388
75,1.19131774908777,0.487450203267957,3.85171397603967,0.31843921479331,1.15,1.17,1.17,0.0413177490877699,0.0213177490877701,0.0213177490877701
76,1.38561276017028,0.500536251639639,2.22733896168778,0.32092538742211,1.47,1.53,1.53,-0.0843872398297183,-0.144387239829718,-0.144387239829718
77,1.68276500732473,0.478497177306417,4.17929201579686,0.356022686474542,1.1,1.13,1.13,0.582765007324734,0.552765007324734,0.552765007324734
78,1.42594150183452,0.471995692625109,2.05422828843684,0.315199241598441,1.52,1.58,1.58,-0.0940584981654784,-0.154058498165478,-0.154058498165478
79,2.25488256159991,0.49226439109642,2.24632256192934,0.31728921439608,1.47,1.52,1.52,0.784882561599909,0.734882561599909,0.734882561599909
